code_gildata,name,wind_sw_l1
000001.SZ,平安银行,银行
000002.SZ,万科A,房地产
000004.SZ,国华退(退市),计算机
000006.SZ,深振业A,房地产
000007.SZ,全新好,商贸零售
000008.SZ,神州高铁,机械设备
000009.SZ,中国宝安,电力设备
000010.SZ,*ST美丽,建筑装饰
000011.SZ,深物业A,房地产
000012.SZ,南玻A,建筑材料
000014.SZ,沙河股份,房地产
000016.SZ,*ST康佳A,家用电器
000017.SZ,深中华A,纺织服饰
000019.SZ,深粮控股,农林牧渔
000020.SZ,深华发A,电子
000021.SZ,深科技,电子
000025.SZ,特力A,综合
000026.SZ,飞亚达,纺织服饰
000027.SZ,深圳能源,公用事业
000028.SZ,国药一致,医药生物
000029.SZ,深深房A,房地产
000030.SZ,富奥股份,汽车
000031.SZ,大悦城,房地产
000032.SZ,深桑达A,建筑装饰
000034.SZ,神州数码,计算机
000035.SZ,中国天楹,环保
000036.SZ,华联控股,房地产
000037.SZ,深南电A,公用事业
000039.SZ,中集集团,机械设备
000042.SZ,中洲控股,房地产
000045.SZ,深纺织A,电子
000048.SZ,京基智农,农林牧渔
000049.SZ,德赛电池,电力设备
000050.SZ,深天马A,电子
000055.SZ,方大集团,建筑材料
000056.SZ,*ST皇庭,房地产
000058.SZ,深赛格,商贸零售
000059.SZ,华锦股份,石油石化
000060.SZ,中金岭南,有色金属
000061.SZ,农产品,商贸零售
000062.SZ,深圳华强,电子
000063.SZ,中兴通讯,通信
000065.SZ,北方国际,建筑装饰
000066.SZ,中国长城,计算机
000068.SZ,华控赛格,环保
000069.SZ,华侨城A,房地产
000070.SZ,特发信息,通信
000078.SZ,ST海王,医药生物
000088.SZ,盐田港,交通运输
000089.SZ,深圳机场,交通运输
000090.SZ,天健集团,房地产
000096.SZ,广聚能源,石油石化
000099.SZ,中信海直,交通运输
000100.SZ,TCL科技,电子
000151.SZ,中成股份,商贸零售
000153.SZ,丰原药业,医药生物
000155.SZ,川能动力,公用事业
000156.SZ,华数传媒,传媒
000157.SZ,中联重科,机械设备
000158.SZ,常山北明,计算机
000159.SZ,国际实业,电力设备
000166.SZ,申万宏源,非银金融
000301.SZ,东方盛虹,石油石化
000333.SZ,美的集团,家用电器
000338.SZ,潍柴动力,汽车
000400.SZ,许继电气,电力设备
000401.SZ,金隅冀东,建筑材料
000402.SZ,金融街,房地产
000403.SZ,派林生物,医药生物
000404.SZ,长虹华意,家用电器
000407.SZ,胜利股份,公用事业
000408.SZ,藏格矿业,基础化工
000409.SZ,云鼎科技,计算机
000410.SZ,沈阳机床,机械设备
000411.SZ,英特集团,医药生物
000415.SZ,渤海租赁,非银金融
000417.SZ,合百集团,商贸零售
000419.SZ,通程控股,商贸零售
000420.SZ,吉林化纤,基础化工
000421.SZ,南京公用,综合
000422.SZ,湖北宜化,基础化工
000423.SZ,东阿阿胶,医药生物
000425.SZ,徐工机械,机械设备
000426.SZ,兴业银锡,有色金属
000428.SZ,华天酒店,社会服务
000429.SZ,粤高速A,交通运输
000430.SZ,张家界,社会服务
000488.SZ,ST晨鸣,轻工制造
000498.SZ,山东路桥,建筑装饰
000501.SZ,武商集团,商贸零售
000503.SZ,国新健康,计算机
000504.SZ,南华生物,医药生物
000505.SZ,京粮控股,农林牧渔
000506.SZ,招金黄金,有色金属
000507.SZ,珠海港,公用事业
000509.SZ,华塑控股,电子
000510.SZ,新金路,基础化工
000513.SZ,丽珠集团,医药生物
000514.SZ,渝开发,房地产
000516.SZ,国际医学,医药生物
000517.SZ,荣安地产,房地产
000518.SZ,四环生物,医药生物
000519.SZ,中兵红箭,国防军工
000520.SZ,凤凰航运,交通运输
000521.SZ,长虹美菱,家用电器
000523.SZ,红棉股份,综合
000524.SZ,岭南控股,社会服务
000525.SZ,红太阳,基础化工
000526.SZ,学大教育,社会服务
000528.SZ,柳工,机械设备
000529.SZ,广弘控股,食品饮料
000530.SZ,冰山冷热,机械设备
000531.SZ,穗恒运A,公用事业
000532.SZ,华金资本,非银金融
000533.SZ,顺钠股份,电力设备
000534.SZ,万泽股份,医药生物
000536.SZ,华映科技,电子
000537.SZ,绿发电力,公用事业
000538.SZ,云南白药,医药生物
000539.SZ,粤电力A,公用事业
000541.SZ,佛山照明,家用电器
000543.SZ,皖能电力,公用事业
000544.SZ,中原环保,环保
000545.SZ,金浦钛业,基础化工
000546.SZ,金圆股份,环保
000547.SZ,航天发展,国防军工
000548.SZ,湖南投资,交通运输
000550.SZ,江铃汽车,汽车
000551.SZ,创元科技,环保
000552.SZ,甘肃能化,煤炭
000553.SZ,安道麦A,基础化工
000554.SZ,泰山石油,石油石化
000555.SZ,神州信息,计算机
000557.SZ,西部创业,交通运输
000558.SZ,天府文旅,社会服务
000559.SZ,万向钱潮,汽车
000560.SZ,我爱我家,房地产
000561.SZ,烽火电子,国防军工
000563.SZ,陕国投A,非银金融
000564.SZ,供销大集,商贸零售
000565.SZ,渝三峡A,基础化工
000566.SZ,海南海药,医药生物
000567.SZ,海德股份,非银金融
000568.SZ,泸州老窖,食品饮料
000570.SZ,苏常柴A,汽车
000571.SZ,新大洲A,煤炭
000572.SZ,海马汽车,汽车
000573.SZ,粤宏远A,房地产
000576.SZ,甘化科工,国防军工
000581.SZ,威孚高科,汽车
000582.SZ,北部湾港,交通运输
000586.SZ,汇源通信,通信
000589.SZ,贵州轮胎,汽车
000590.SZ,古汉医药,医药生物
000591.SZ,太阳能,公用事业
000592.SZ,平潭发展,农林牧渔
000593.SZ,德龙汇能,公用事业
000595.SZ,新能股份,公用事业
000596.SZ,古井贡酒,食品饮料
000597.SZ,东北制药,医药生物
000598.SZ,兴蓉环境,环保
000599.SZ,青岛双星,汽车
000600.SZ,建投能源,公用事业
000601.SZ,韶能股份,公用事业
000603.SZ,盛达资源,有色金属
000605.SZ,渤海股份,环保
000607.SZ,华媒控股,传媒
000608.SZ,阳光股份,房地产
000609.SZ,*ST中迪,房地产
000610.SZ,*ST西旅,社会服务
000612.SZ,焦作万方,有色金属
000615.SZ,*ST美谷,美容护理
000617.SZ,中油资本,非银金融
000619.SZ,海螺新材,建筑材料
000620.SZ,盈新发展,房地产
000623.SZ,吉林敖东,医药生物
000625.SZ,长安汽车,汽车
000626.SZ,远大控股,交通运输
000628.SZ,高新发展,建筑装饰
000629.SZ,钒钛股份,钢铁
000630.SZ,铜陵有色,有色金属
000631.SZ,顺发恒能,公用事业
000632.SZ,ST三木,综合
000633.SZ,合金投资,有色金属
000635.SZ,英力特,基础化工
000636.SZ,风华高科,电子
000637.SZ,茂化实华,石油石化
000638.SZ,*ST万方(退市),国防军工
000639.SZ,ST西王,食品饮料
000650.SZ,仁和药业,医药生物
000651.SZ,格力电器,家用电器
000652.SZ,泰达股份,综合
000655.SZ,金岭矿业,钢铁
000656.SZ,金科股份,房地产
000657.SZ,中钨高新,有色金属
000659.SZ,珠海中富,轻工制造
000661.SZ,长春高新,医药生物
000663.SZ,永安林业,农林牧渔
000665.SZ,湖北广电,传媒
000668.SZ,荣丰控股,房地产
000669.SZ,ST金鸿,公用事业
000670.SZ,盈方微,电子
000672.SZ,上峰材料,建筑材料
000676.SZ,智度股份,传媒
000677.SZ,ST海龙,基础化工
000678.SZ,襄阳轴承,汽车
000679.SZ,大连友谊,商贸零售
000680.SZ,山推股份,机械设备
000681.SZ,视觉中国,传媒
000682.SZ,东方电子,电力设备
000683.SZ,博源化工,基础化工
000685.SZ,中山公用,环保
000686.SZ,东北证券,非银金融
000688.SZ,国城矿业,有色金属
000690.SZ,宝新能源,公用事业
000691.SZ,亚太实业,基础化工
000692.SZ,惠天热电,公用事业
000695.SZ,滨海能源,电力设备
000697.SZ,炼石航空,国防军工
000698.SZ,ST沈化,石油石化
000700.SZ,模塑科技,汽车
000701.SZ,厦门信达,商贸零售
000702.SZ,正虹科技,农林牧渔
000703.SZ,恒逸石化,石油石化
000705.SZ,浙江震元,医药生物
000707.SZ,双环科技,基础化工
000708.SZ,中信特钢,钢铁
000709.SZ,河钢股份,钢铁
000710.SZ,贝瑞基因,医药生物
000711.SZ,京蓝科技,环保
000712.SZ,锦龙股份,非银金融
000713.SZ,国投丰乐,农林牧渔
000715.SZ,中兴商业,商贸零售
000716.SZ,黑芝麻,食品饮料
000717.SZ,中南股份,钢铁
000718.SZ,苏宁环球,房地产
000719.SZ,中原传媒,传媒
000720.SZ,新能泰山,电力设备
000721.SZ,西安饮食,社会服务
000722.SZ,湖南发展,公用事业
000723.SZ,美锦能源,煤炭
000725.SZ,京东方A,电子
000726.SZ,鲁泰A,纺织服饰
000727.SZ,冠捷科技,电子
000728.SZ,国元证券,非银金融
000729.SZ,燕京啤酒,食品饮料
000731.SZ,四川美丰,基础化工
000733.SZ,振华科技,国防军工
000735.SZ,罗牛山,农林牧渔
000736.SZ,中交发展,房地产
000737.SZ,北方铜业,有色金属
000738.SZ,航发控制,国防军工
000739.SZ,普洛药业,医药生物
000750.SZ,国海证券,非银金融
000751.SZ,锌业股份,有色金属
000752.SZ,*ST西发,食品饮料
000753.SZ,漳州发展,综合
000755.SZ,山西高速,交通运输
000756.SZ,新华制药,医药生物
000757.SZ,浩物股份,汽车
000758.SZ,中色股份,有色金属
000759.SZ,中百集团,商贸零售
000761.SZ,本钢板材,钢铁
000762.SZ,西藏矿业,有色金属
000766.SZ,通化金马,医药生物
000767.SZ,晋控电力,公用事业
000768.SZ,中航西飞,国防军工
000776.SZ,广发证券,非银金融
000777.SZ,中核科技,机械设备
000778.SZ,新兴铸管,钢铁
000779.SZ,甘咨询,建筑装饰
000782.SZ,恒申新材,基础化工
000783.SZ,长江证券,非银金融
000785.SZ,居然智家,商贸零售
000786.SZ,北新建材,建筑材料
000788.SZ,北大医药,医药生物
000789.SZ,万年青,建筑材料
000790.SZ,华神科技,医药生物
000791.SZ,甘肃能源,公用事业
000792.SZ,盐湖股份,基础化工
000793.SZ,ST华闻,传媒
000795.SZ,英洛华,有色金属
000796.SZ,凯撒旅业,社会服务
000797.SZ,中国武夷,房地产
000798.SZ,中水渔业,农林牧渔
000799.SZ,酒鬼酒,食品饮料
000800.SZ,一汽解放,汽车
000801.SZ,四川九洲,家用电器
000802.SZ,北京文化,传媒
000803.SZ,山高环能,环保
000807.SZ,云铝股份,有色金属
000809.SZ,和展能源,电力设备
000810.SZ,创维数字,家用电器
000811.SZ,冰轮环境,机械设备
000812.SZ,陕西金叶,轻工制造
000813.SZ,德展健康,医药生物
000815.SZ,美利云,计算机
000816.SZ,智慧农业,汽车
000818.SZ,航锦科技,基础化工
000819.SZ,岳阳兴长,石油石化
000820.SZ,神雾节能,环保
000821.SZ,ST京机,电力设备
000822.SZ,山东海化,基础化工
000823.SZ,超声电子,电子
000825.SZ,太钢不锈,钢铁
000826.SZ,*ST启环,环保
000828.SZ,东莞控股,交通运输
000829.SZ,天音控股,商贸零售
000830.SZ,鲁西化工,基础化工
000831.SZ,中国稀土,有色金属
000833.SZ,粤桂股份,综合
000837.SZ,秦川机床,机械设备
000838.SZ,*ST发展,房地产
000839.SZ,国安股份,通信
000848.SZ,承德露露,食品饮料
000850.SZ,华茂股份,纺织服饰
000851.SZ,*ST高鸿(退市),通信
000852.SZ,石化机械,机械设备
000856.SZ,冀东装备,机械设备
000858.SZ,五粮液,食品饮料
000859.SZ,国风新材,基础化工
000860.SZ,顺鑫农业,食品饮料
000862.SZ,银星能源,公用事业
000863.SZ,三湘印象,房地产
000868.SZ,安凯客车,汽车
000869.SZ,张裕A,食品饮料
000875.SZ,电投绿能,公用事业
000876.SZ,新希望,农林牧渔
000877.SZ,天山股份,建筑材料
000878.SZ,云南铜业,有色金属
000880.SZ,潍柴重机,机械设备
000881.SZ,中广核技,基础化工
000882.SZ,华联股份,商贸零售
000883.SZ,湖北能源,公用事业
000885.SZ,城发环境,环保
000886.SZ,海南高速,交通运输
000887.SZ,中鼎股份,汽车
000888.SZ,峨眉山A,社会服务
000889.SZ,中嘉博创,通信
000890.SZ,法尔胜,环保
000892.SZ,欢瑞世纪,传媒
000893.SZ,亚钾国际,基础化工
000895.SZ,双汇发展,食品饮料
000897.SZ,津滨发展,房地产
000898.SZ,鞍钢股份,钢铁
000899.SZ,赣能股份,公用事业
000900.SZ,现代投资,交通运输
000901.SZ,航天科技,汽车
000902.SZ,新洋丰,基础化工
000903.SZ,ST云动,汽车
000905.SZ,厦门港务,交通运输
000906.SZ,浙商中拓,交通运输
000908.SZ,石药景峰,医药生物
000909.SZ,*ST数源,房地产
000910.SZ,大亚圣象,轻工制造
000911.SZ,*ST广糖,农林牧渔
000912.SZ,泸天化,基础化工
000913.SZ,钱江摩托,汽车
000915.SZ,华特达因,医药生物
000917.SZ,电广传媒,传媒
000919.SZ,金陵药业,医药生物
000920.SZ,沃顿科技,基础化工
000921.SZ,海信家电,家用电器
000922.SZ,佳电股份,电力设备
000923.SZ,河钢资源,钢铁
000925.SZ,众合科技,机械设备
000926.SZ,福星股份,房地产
000927.SZ,中国铁物,机械设备
000928.SZ,中钢国际,建筑装饰
000929.SZ,兰州黄河,食品饮料
000930.SZ,中粮科技,农林牧渔
000931.SZ,中关村,医药生物
000932.SZ,华菱钢铁,钢铁
000933.SZ,神火股份,有色金属
000935.SZ,四川双马,非银金融
000936.SZ,华西股份,基础化工
000937.SZ,冀中能源,煤炭
000938.SZ,紫光股份,计算机
000948.SZ,南天信息,计算机
000949.SZ,新乡化纤,基础化工
000950.SZ,重药控股,医药生物
000951.SZ,中国重汽,汽车
000952.SZ,广济药业,医药生物
000953.SZ,中哲精化,医药生物
000955.SZ,欣龙控股,纺织服饰
000957.SZ,中通客车,汽车
000958.SZ,电投产融,公用事业
000959.SZ,首钢股份,钢铁
000960.SZ,锡业股份,有色金属
000962.SZ,东方钽业,有色金属
000963.SZ,华东医药,医药生物
000965.SZ,天保基建,房地产
000966.SZ,长源电力,公用事业
000967.SZ,盈峰环境,环保
000968.SZ,蓝焰控股,石油石化
000969.SZ,安泰科技,有色金属
000970.SZ,中科三环,有色金属
000972.SZ,中基健康,农林牧渔
000973.SZ,佛塑科技,基础化工
000975.SZ,山金国际,有色金属
000977.SZ,浪潮信息,计算机
000978.SZ,桂林旅游,社会服务
000980.SZ,众泰汽车,汽车
000981.SZ,山子高科,汽车
000983.SZ,山西焦煤,煤炭
000985.SZ,大庆华科,石油石化
000987.SZ,越秀资本,非银金融
000988.SZ,华工科技,机械设备
000989.SZ,九芝堂,医药生物
000990.SZ,诚志股份,基础化工
000993.SZ,闽东电力,公用事业
000995.SZ,皇台酒业,食品饮料
000997.SZ,新大陆,计算机
000998.SZ,隆平高科,农林牧渔
000999.SZ,华润三九,医药生物
001201.SZ,东瑞股份,农林牧渔
001202.SZ,炬申股份,交通运输
001203.SZ,大中矿业,钢铁
001205.SZ,盛航股份,交通运输
001206.SZ,依依股份,美容护理
001207.SZ,联科科技,基础化工
001208.SZ,华菱线缆,电力设备
001209.SZ,洪兴股份,纺织服饰
001210.SZ,金房能源,公用事业
001211.SZ,双枪科技,轻工制造
001212.SZ,中旗新材,建筑材料
001213.SZ,中铁特货,交通运输
001215.SZ,千味央厨,食品饮料
001216.SZ,华瓷股份,轻工制造
001217.SZ,华尔泰,基础化工
001218.SZ,丽臣实业,基础化工
001219.SZ,青岛食品,食品饮料
001220.SZ,世盟股份,交通运输
001221.SZ,悍高集团,轻工制造
001222.SZ,源飞宠物,轻工制造
001223.SZ,欧克科技,机械设备
001225.SZ,和泰机电,机械设备
001226.SZ,拓山重工,机械设备
001227.SZ,兰州银行,银行
001228.SZ,永泰运,交通运输
001229.SZ,魅视科技,计算机
001230.SZ,劲旅环境,环保
001231.SZ,农心科技,基础化工
001232.SZ,嘉立创,电子
001233.SZ,海安集团,汽车
001234.SZ,泰慕士,纺织服饰
001236.SZ,弘业期货,非银金融
001237.SZ,惠康科技,机械设备
001238.SZ,浙江正特,轻工制造
001239.SZ,永达股份,机械设备
001248.SZ,华润新能源,公用事业
001255.SZ,博菲电气,基础化工
001256.SZ,炜冈科技,机械设备
001257.SZ,盛龙股份,有色金属
001258.SZ,立新能源,公用事业
001259.SZ,利仁科技,家用电器
001260.SZ,坤泰股份,汽车
001266.SZ,宏英智能,机械设备
001267.SZ,汇绿生态,通信
001268.SZ,联合精密,家用电器
001269.SZ,欧晶科技,电力设备
001270.SZ,铖昌科技,国防军工
001277.SZ,速达股份,机械设备
001278.SZ,一彬科技,汽车
001279.SZ,强邦新材,轻工制造
001280.SZ,中国铀业,有色金属
001282.SZ,三联锻造,汽车
001283.SZ,豪鹏科技,电力设备
001285.SZ,瑞立科密,汽车
001286.SZ,陕西能源,公用事业
001287.SZ,中电港,电子
001288.SZ,运机集团,机械设备
001289.SZ,龙源电力,公用事业
001296.SZ,长江材料,基础化工
001298.SZ,好上好,电子
001299.SZ,美能能源,公用事业
001300.SZ,三柏硕,轻工制造
001301.SZ,尚太科技,电力设备
001306.SZ,夏厦精密,机械设备
001308.SZ,康冠科技,电子
001309.SZ,德明利,电子
001311.SZ,多利科技,汽车
001312.SZ,福恩股份,纺织服饰
001313.SZ,粤海饲料,农林牧渔
001314.SZ,亿道信息,电子
001316.SZ,润贝航科,石油石化
001317.SZ,三羊马,交通运输
001318.SZ,阳光乳业,食品饮料
001319.SZ,铭科精技,汽车
001322.SZ,箭牌家居,轻工制造
001323.SZ,慕思股份,轻工制造
001324.SZ,长青科技,机械设备
001325.SZ,元创股份,基础化工
001326.SZ,联域股份,家用电器
001328.SZ,登康口腔,美容护理
001330.SZ,博纳影业,传媒
001331.SZ,胜通能源,公用事业
001332.SZ,锡装股份,机械设备
001333.SZ,光华股份,基础化工
001335.SZ,信凯科技,基础化工
001336.SZ,楚环科技,环保
001337.SZ,四川黄金,有色金属
001338.SZ,永顺泰,农林牧渔
001339.SZ,智微智能,计算机
001356.SZ,富岭股份,轻工制造
001358.SZ,兴欣新材,基础化工
001359.SZ,平安电工,基础化工
001360.SZ,南矿集团,机械设备
001365.SZ,天海电子,汽车
001366.SZ,播恩集团,农林牧渔
001367.SZ,海森药业,医药生物
001368.SZ,通达创智,轻工制造
001369.SZ,双欣材料,基础化工
001373.SZ,翔腾新材,电子
001376.SZ,百通能源,公用事业
001378.SZ,德冠新材,基础化工
001379.SZ,腾达科技,机械设备
001380.SZ,华纬科技,汽车
001382.SZ,新亚电缆,电力设备
001386.SZ,马可波罗,轻工制造
001387.SZ,雪祺电气,家用电器
001388.SZ,信通电子,电力设备
001389.SZ,广合科技,电子
001390.SZ,古麒绒材,纺织服饰
001391.SZ,国货航,交通运输
001393.SZ,维通利,电力设备
001395.SZ,亚联机械,机械设备
001396.SZ,誉帆科技,建筑装饰
001399.SZ,惠科股份,电子
001400.SZ,江顺科技,机械设备
001696.SZ,宗申动力,机械设备
001872.SZ,招商港口,交通运输
001896.SZ,豫能控股,公用事业
001914.SZ,招商积余,房地产
001965.SZ,招商公路,交通运输
001979.SZ,招商蛇口,房地产
002001.SZ,新和成,基础化工
002003.SZ,伟星股份,纺织服饰
002004.SZ,华邦健康,医药生物
002005.SZ,德豪润达,家用电器
002006.SZ,精工科技,机械设备
002007.SZ,华兰生物,医药生物
002008.SZ,大族激光,机械设备
002009.SZ,天奇股份,机械设备
002010.SZ,传化智联,交通运输
002011.SZ,盾安环境,家用电器
002012.SZ,凯恩股份,轻工制造
002014.SZ,永新股份,轻工制造
002015.SZ,协鑫能科,公用事业
002016.SZ,世荣兆业,房地产
002017.SZ,东信和平,通信
002019.SZ,亿帆医药,医药生物
002020.SZ,京新药业,医药生物
002021.SZ,中捷资源,机械设备
002022.SZ,科华生物,医药生物
002023.SZ,海特高新,国防军工
002024.SZ,ST易购,商贸零售
002025.SZ,航天电器,国防军工
002026.SZ,山东威达,机械设备
002027.SZ,分众传媒,传媒
002028.SZ,思源电气,电力设备
002029.SZ,七匹狼,纺织服饰
002030.SZ,达安基因,医药生物
002031.SZ,巨轮智能,机械设备
002032.SZ,苏泊尔,家用电器
002033.SZ,丽江股份,社会服务
002034.SZ,旺能环境,环保
002035.SZ,华帝股份,家用电器
002036.SZ,联创电子,电子
002037.SZ,保利联合,基础化工
002038.SZ,双鹭药业,医药生物
002039.SZ,黔源电力,公用事业
002040.SZ,南京港,交通运输
002041.SZ,登海种业,农林牧渔
002042.SZ,华孚时尚,纺织服饰
002043.SZ,兔宝宝,建筑材料
002044.SZ,美年健康,医药生物
002045.SZ,国光电器,电子
002046.SZ,国机精工,机械设备
002047.SZ,宝鹰股份,建筑装饰
002048.SZ,宁波华翔,汽车
002049.SZ,紫光国微,电子
002050.SZ,三花智控,家用电器
002051.SZ,中工国际,建筑装饰
002052.SZ,同洲电子,电力设备
002053.SZ,云南能投,公用事业
002054.SZ,德美化工,基础化工
002055.SZ,ST得润,电子
002056.SZ,横店东磁,电力设备
002057.SZ,中钢天源,社会服务
002058.SZ,紫竹高科,电力设备
002059.SZ,云南旅游,社会服务
002060.SZ,广东建工,建筑装饰
002061.SZ,浙江交科,建筑装饰
002062.SZ,宏润建设,建筑装饰
002063.SZ,远光软件,计算机
002064.SZ,华峰化学,基础化工
002065.SZ,东华软件,计算机
002066.SZ,瑞泰科技,建筑材料
002067.SZ,景兴纸业,轻工制造
002068.SZ,黑猫股份,基础化工
002069.SZ,獐子岛,农林牧渔
002072.SZ,凯瑞德,商贸零售
002073.SZ,软控股份,机械设备
002074.SZ,国轩高科,电力设备
002075.SZ,沙钢股份,钢铁
002076.SZ,星光股份,家用电器
002077.SZ,大港股份,电子
002078.SZ,太阳纸业,轻工制造
002079.SZ,苏州固锝,电力设备
002080.SZ,中材科技,建筑材料
002081.SZ,金螳螂,建筑装饰
002082.SZ,ST万邦,医药生物
002083.SZ,孚日股份,纺织服饰
002084.SZ,海鸥住工,轻工制造
002085.SZ,万丰奥威,汽车
002086.SZ,东方海洋,农林牧渔
002088.SZ,鲁阳节能,建筑材料
002090.SZ,金智科技,电力设备
002091.SZ,江苏国泰,商贸零售
002092.SZ,中泰化学,基础化工
002093.SZ,国脉科技,社会服务
002094.SZ,青岛金王,美容护理
002095.SZ,生意宝,传媒
002096.SZ,易普力,基础化工
002097.SZ,山河智能,机械设备
002098.SZ,浔兴股份,纺织服饰
002099.SZ,海翔药业,医药生物
002100.SZ,天康生物,农林牧渔
002101.SZ,广东鸿图,汽车
002102.SZ,ST能特,医药生物
002103.SZ,广博股份,轻工制造
002104.SZ,恒宝股份,通信
002105.SZ,信隆健康,汽车
002106.SZ,莱宝高科,电子
002107.SZ,沃华医药,医药生物
002108.SZ,沧州明珠,基础化工
002109.SZ,ST兴化,基础化工
002110.SZ,三钢闽光,钢铁
002111.SZ,威海广泰,国防军工
002112.SZ,三变科技,电力设备
002114.SZ,罗平锌电,有色金属
002115.SZ,三维通信,通信
002116.SZ,中国海诚,建筑装饰
002117.SZ,东港股份,轻工制造
002119.SZ,康强电子,电子
002120.SZ,韵达股份,交通运输
002121.SZ,科陆电子,电力设备
002122.SZ,ST汇洲,机械设备
002123.SZ,梦网科技,通信
002124.SZ,天邦食品,农林牧渔
002125.SZ,湘潭电化,电力设备
002126.SZ,银轮股份,汽车
002127.SZ,南极电商,商贸零售
002128.SZ,电投能源,煤炭
002129.SZ,TCL中环,电力设备
002130.SZ,沃尔核材,电子
002131.SZ,利欧股份,机械设备
002132.SZ,恒星科技,机械设备
002133.SZ,广宇集团,房地产
002134.SZ,天津普林,电子
002135.SZ,东南网架,建筑装饰
002136.SZ,安纳达,基础化工
002137.SZ,实益达,电子
002138.SZ,顺络电子,电子
002139.SZ,拓邦股份,电子
002140.SZ,东华科技,建筑装饰
002141.SZ,贤丰控股,电子
002142.SZ,宁波银行,银行
002144.SZ,宏达高科,纺织服饰
002145.SZ,钛能化学,基础化工
002146.SZ,荣盛发展,房地产
002148.SZ,北纬科技,通信
002149.SZ,西部材料,有色金属
002150.SZ,正泰电源,电力设备
002151.SZ,北斗星通,国防军工
002152.SZ,广电运通,计算机
002153.SZ,石基信息,计算机
002154.SZ,报喜鸟,纺织服饰
002155.SZ,湖南黄金,有色金属
002156.SZ,通富微电,电子
002157.SZ,正邦科技,农林牧渔
002158.SZ,汉钟精机,机械设备
002159.SZ,三特索道,社会服务
002160.SZ,常铝股份,有色金属
002161.SZ,远望谷,电子
002162.SZ,悦心健康,轻工制造
002163.SZ,海南发展,建筑装饰
002164.SZ,宁波东力,机械设备
002165.SZ,红宝丽,基础化工
002166.SZ,莱茵生物,基础化工
002167.SZ,东方锆业,有色金属
002168.SZ,ST惠程,电力设备
002169.SZ,智光电气,电力设备
002170.SZ,芭田股份,基础化工
002171.SZ,楚江新材,有色金属
002172.SZ,澳洋健康,医药生物
002173.SZ,创新医疗,医药生物
002174.SZ,游族网络,传媒
002175.SZ,*ST东智,机械设备
002176.SZ,江特电机,电力设备
002177.SZ,御银股份,商贸零售
002178.SZ,延华智能,计算机
002179.SZ,中航光电,国防军工
002180.SZ,奔图科技,计算机
002181.SZ,粤传媒,传媒
002182.SZ,宝武镁业,有色金属
002183.SZ,怡亚通,商贸零售
002184.SZ,海得控制,机械设备
002185.SZ,华天科技,电子
002186.SZ,全聚德,社会服务
002187.SZ,广百股份,商贸零售
002188.SZ,中天服务,房地产
002189.SZ,中光学,国防军工
002190.SZ,成飞集成,汽车
002191.SZ,劲嘉股份,轻工制造
002192.SZ,融捷股份,有色金属
002193.SZ,ST如意,纺织服饰
002194.SZ,武汉凡谷,通信
002195.SZ,岩山科技,计算机
002196.SZ,方正电机,电力设备
002197.SZ,证通电子,计算机
002198.SZ,ST嘉应,医药生物
002199.SZ,东晶电子,电子
002200.SZ,交投生态,建筑装饰
002201.SZ,九鼎新材,建筑材料
002202.SZ,金风科技,电力设备
002203.SZ,海亮股份,有色金属
002204.SZ,大连重工,机械设备
002205.SZ,国统股份,建筑材料
002206.SZ,海利得,基础化工
002207.SZ,*ST准油,石油石化
002208.SZ,合肥城建,房地产
002209.SZ,达意隆,机械设备
002210.SZ,飞马国际,环保
002211.SZ,ST宏达,基础化工
002212.SZ,天融信,计算机
002213.SZ,大为股份,电子
002214.SZ,大立科技,国防军工
002215.SZ,诺普信,农林牧渔
002216.SZ,三全食品,食品饮料
002217.SZ,ST合力泰,电子
002218.SZ,拓日新能,公用事业
002219.SZ,新里程,医药生物
002221.SZ,东华能源,石油石化
002222.SZ,福晶科技,电子
002223.SZ,鱼跃医疗,医药生物
002224.SZ,三力士,基础化工
002225.SZ,濮耐股份,建筑材料
002226.SZ,江南化工,基础化工
002227.SZ,*ST特迅,电力设备
002228.SZ,合兴包装,轻工制造
002229.SZ,鸿博股份,计算机
002230.SZ,科大讯飞,计算机
002231.SZ,*ST奥维(退市),国防军工
002232.SZ,启明信息,计算机
002233.SZ,塔牌集团,建筑材料
002234.SZ,民和股份,农林牧渔
002235.SZ,安妮股份,轻工制造
002236.SZ,大华股份,计算机
002237.SZ,恒邦股份,有色金属
002238.SZ,天威视讯,传媒
002239.SZ,奥特佳,汽车
002240.SZ,盛新锂能,有色金属
002241.SZ,歌尔股份,电子
002242.SZ,九阳股份,家用电器
002243.SZ,力合科创,社会服务
002244.SZ,滨江集团,房地产
002245.SZ,蔚蓝锂芯,电力设备
002246.SZ,北化股份,基础化工
002247.SZ,聚力文化,建筑材料
002248.SZ,华东数控,机械设备
002249.SZ,大洋电机,电力设备
002250.SZ,联化科技,基础化工
002251.SZ,步步高,商贸零售
002252.SZ,上海莱士,医药生物
002253.SZ,川大智胜,计算机
002254.SZ,泰和新材,基础化工
002255.SZ,海陆重工,电力设备
002256.SZ,兆新股份,公用事业
002258.SZ,利尔化学,基础化工
002259.SZ,升达林业,公用事业
002261.SZ,拓维信息,计算机
002262.SZ,恩华药业,医药生物
002263.SZ,大东南,基础化工
002264.SZ,新华都,传媒
002265.SZ,建设工业,汽车
002266.SZ,浙富控股,环保
002267.SZ,陕天然气,公用事业
002268.SZ,电科网安,计算机
002269.SZ,美邦服饰,纺织服饰
002270.SZ,华明装备,电力设备
002271.SZ,东方雨虹,建筑材料
002272.SZ,川润股份,机械设备
002273.SZ,水晶光电,电子
002274.SZ,华昌化工,基础化工
002275.SZ,桂林三金,医药生物
002276.SZ,万马股份,电力设备
002277.SZ,友阿股份,商贸零售
002278.SZ,神开股份,机械设备
002279.SZ,久其软件,计算机
002281.SZ,光迅科技,通信
002282.SZ,博深股份,机械设备
002283.SZ,天润工业,汽车
002284.SZ,亚太股份,汽车
002285.SZ,世联行,房地产
002286.SZ,保龄宝,农林牧渔
002287.SZ,奇正藏药,医药生物
002289.SZ,宇顺电子,电子
002290.SZ,禾盛新材,家用电器
002291.SZ,遥望科技,传媒
002292.SZ,奥飞娱乐,传媒
002293.SZ,罗莱生活,纺织服饰
002294.SZ,信立泰,医药生物
002295.SZ,精艺股份,有色金属
002296.SZ,辉煌科技,通信
002297.SZ,博云新材,国防军工
002298.SZ,中电鑫龙,计算机
002299.SZ,圣农发展,农林牧渔
002300.SZ,太阳电缆,电力设备
002301.SZ,齐心集团,轻工制造
002302.SZ,西部建设,建筑材料
002303.SZ,美盈森,轻工制造
002304.SZ,洋河股份,食品饮料
002305.SZ,*ST南置,房地产
002306.SZ,ST云网,社会服务
002307.SZ,北新路桥,建筑装饰
002309.SZ,中利集团,电力设备
002310.SZ,东方新能,公用事业
002311.SZ,海大集团,农林牧渔
002312.SZ,川发龙蟒,基础化工
002313.SZ,日海智能,通信
002314.SZ,南山控股,房地产
002315.SZ,焦点科技,商贸零售
002316.SZ,亚联发展,综合
002317.SZ,众生药业,医药生物
002318.SZ,久立特材,钢铁
002319.SZ,乐通股份,基础化工
002320.SZ,海峡股份,交通运输
002321.SZ,华英农业,农林牧渔
002322.SZ,理工能科,计算机
002323.SZ,*ST雅博,建筑装饰
002324.SZ,普利特,基础化工
002326.SZ,永太科技,基础化工
002327.SZ,富安娜,纺织服饰
002328.SZ,新朋股份,汽车
002329.SZ,皇氏集团,食品饮料
002330.SZ,得利斯,食品饮料
002331.SZ,皖通科技,计算机
002332.SZ,仙琚制药,医药生物
002333.SZ,罗普斯金,建筑材料
002334.SZ,英威腾,机械设备
002335.SZ,科华数据,电力设备
002337.SZ,赛象科技,机械设备
002338.SZ,奥普光电,国防军工
002339.SZ,积成电子,电力设备
002340.SZ,格林美,电力设备
002342.SZ,巨力索具,机械设备
002343.SZ,慈文传媒,传媒
002344.SZ,海宁皮城,商贸零售
002345.SZ,潮宏基,纺织服饰
002346.SZ,柘中股份,电力设备
002347.SZ,泰尔股份,机械设备
002348.SZ,高乐股份,轻工制造
002349.SZ,精华制药,医药生物
002350.SZ,北京科锐,电力设备
002351.SZ,漫步者,电子
002352.SZ,顺丰控股,交通运输
002353.SZ,杰瑞股份,机械设备
002354.SZ,天娱数科,传媒
002355.SZ,兴民智通,汽车
002356.SZ,鹏飞绿能,商贸零售
002357.SZ,富临运业,交通运输
002358.SZ,森源电气,电力设备
002360.SZ,ST同德,基础化工
002361.SZ,神剑股份,基础化工
002362.SZ,汉王科技,计算机
002363.SZ,隆基机械,汽车
002364.SZ,中恒电气,电力设备
002365.SZ,永安药业,医药生物
002366.SZ,融发核电,电力设备
002367.SZ,康力电梯,机械设备
002368.SZ,太极股份,计算机
002369.SZ,卓翼科技,电子
002370.SZ,亚太药业,医药生物
002371.SZ,北方华创,电子
002372.SZ,伟星新材,建筑材料
002373.SZ,千方科技,计算机
002374.SZ,中锐股份,轻工制造
002375.SZ,亚厦股份,建筑装饰
002376.SZ,新北洋,计算机
002377.SZ,国创高新,石油石化
002378.SZ,章源钨业,有色金属
002379.SZ,宏桥控股,有色金属
002380.SZ,科远智慧,计算机
002381.SZ,双箭股份,基础化工
002382.SZ,蓝帆医疗,医药生物
002383.SZ,合众思壮,国防军工
002384.SZ,东山精密,电子
002385.SZ,大北农,农林牧渔
002386.SZ,天原股份,基础化工
002387.SZ,维信诺,电子
002388.SZ,新亚制程,电子
002389.SZ,航天彩虹,国防军工
002390.SZ,信邦制药,医药生物
002391.SZ,长青股份,基础化工
002392.SZ,北京利尔,建筑材料
002393.SZ,力生制药,医药生物
002394.SZ,联发股份,纺织服饰
002395.SZ,双象股份,基础化工
002396.SZ,星网锐捷,通信
002397.SZ,梦洁股份,纺织服饰
002398.SZ,垒知集团,建筑材料
002399.SZ,海普瑞,医药生物
002400.SZ,省广集团,传媒
002401.SZ,中远海科,计算机
002402.SZ,和而泰,电子
002403.SZ,爱仕达,家用电器
002404.SZ,嘉欣丝绸,纺织服饰
002405.SZ,四维图新,计算机
002406.SZ,远东传动,汽车
002407.SZ,多氟多,基础化工
002408.SZ,齐翔腾达,石油石化
002409.SZ,雅克科技,电子
002410.SZ,广联达,计算机
002412.SZ,汉森制药,医药生物
002413.SZ,雷科防务,国防军工
002414.SZ,高德红外,国防军工
002415.SZ,海康威视,计算机
002416.SZ,爱施德,商贸零售
002418.SZ,康盛股份,家用电器
002419.SZ,天虹股份,商贸零售
002420.SZ,毅昌科技,综合
002421.SZ,达实智能,计算机
002422.SZ,科伦药业,医药生物
002423.SZ,中粮资本,非银金融
002424.SZ,ST百灵,医药生物
002425.SZ,凯撒文化,传媒
002426.SZ,胜利精密,电子
002427.SZ,尤夫股份,基础化工
002428.SZ,云南锗业,有色金属
002429.SZ,兆驰股份,家用电器
002430.SZ,杭氧股份,基础化工
002431.SZ,ST棕榈,建筑装饰
002432.SZ,九安医疗,医药生物
002434.SZ,万里扬,汽车
002436.SZ,兴森科技,电子
002437.SZ,誉衡药业,医药生物
002438.SZ,江苏神通,机械设备
002439.SZ,启明星辰,计算机
002440.SZ,闰土股份,基础化工
002441.SZ,众业达,电力设备
002442.SZ,龙星科技,基础化工
002443.SZ,金洲管道,钢铁
002444.SZ,巨星科技,机械设备
002445.SZ,中南文化,机械设备
002446.SZ,盛路通信,国防军工
002448.SZ,中原内配,汽车
002449.SZ,国星光电,电子
002451.SZ,摩恩电气,电力设备
002452.SZ,长高电气,电力设备
002453.SZ,华软科技,基础化工
002454.SZ,松芝股份,汽车
002455.SZ,百川股份,基础化工
002456.SZ,欧菲光,电子
002457.SZ,青龙管业,建筑材料
002458.SZ,益生股份,农林牧渔
002459.SZ,晶澳科技,电力设备
002460.SZ,赣锋锂业,有色金属
002461.SZ,珠江啤酒,食品饮料
002462.SZ,嘉事堂,医药生物
002463.SZ,沪电股份,电子
002465.SZ,海格通信,国防军工
002466.SZ,天齐锂业,有色金属
002467.SZ,二六三,通信
002468.SZ,申通快递,交通运输
002469.SZ,三维化学,建筑装饰
002470.SZ,金正大,基础化工
002471.SZ,中超控股,电力设备
002472.SZ,双环传动,汽车
002474.SZ,榕基软件,计算机
002475.SZ,立讯精密,电子
002476.SZ,新叶股份,石油石化
002478.SZ,常宝股份,钢铁
002479.SZ,富春环保,公用事业
002480.SZ,新筑股份,公用事业
002481.SZ,双塔食品,农林牧渔
002482.SZ,广田集团,建筑装饰
002483.SZ,润邦股份,机械设备
002484.SZ,江海股份,电子
002485.SZ,ST雪发,交通运输
002486.SZ,嘉麟杰,纺织服饰
002487.SZ,大金重工,电力设备
002488.SZ,金固股份,汽车
002489.SZ,浙江永强,轻工制造
002490.SZ,山东墨龙,机械设备
002491.SZ,通鼎互联,通信
002492.SZ,恒基达鑫,交通运输
002493.SZ,荣盛石化,石油石化
002494.SZ,华斯股份,纺织服饰
002495.SZ,佳隆股份,食品饮料
002496.SZ,辉丰股份,基础化工
002497.SZ,雅化集团,基础化工
002498.SZ,汉缆股份,电力设备
002500.SZ,山西证券,非银金融
002501.SZ,*ST利源,有色金属
002506.SZ,协鑫集成,电力设备
002507.SZ,涪陵榨菜,食品饮料
002508.SZ,老板电器,家用电器
002510.SZ,天汽模,汽车
002511.SZ,中顺洁柔,美容护理
002512.SZ,ST达华,计算机
002513.SZ,蓝丰生化,基础化工
002514.SZ,*ST宝馨,机械设备
002515.SZ,金字火腿,食品饮料
002516.SZ,旷达科技,汽车
002517.SZ,恺英网络,传媒
002518.SZ,科士达,电力设备
002519.SZ,银河电子,国防军工
002520.SZ,日发精机,机械设备
002521.SZ,齐峰新材,轻工制造
002522.SZ,浙江众成,基础化工
002523.SZ,天桥起重,机械设备
002524.SZ,光正眼科,医药生物
002526.SZ,山东矿机,机械设备
002527.SZ,新时达,机械设备
002528.SZ,*ST英飞,计算机
002529.SZ,海源复材,机械设备
002530.SZ,金财互联,机械设备
002531.SZ,天顺风能,电力设备
002532.SZ,天山铝业,有色金属
002533.SZ,金杯电工,电力设备
002534.SZ,西子洁能,电力设备
002535.SZ,林州重机,机械设备
002536.SZ,飞龙股份,汽车
002537.SZ,海联金汇,汽车
002538.SZ,ST司特,基础化工
002539.SZ,云图控股,基础化工
002540.SZ,亚太科技,有色金属
002541.SZ,鸿路钢构,建筑装饰
002542.SZ,*ST中岩,建筑装饰
002543.SZ,万和电气,家用电器
002544.SZ,普天科技,通信
002545.SZ,东方铁塔,基础化工
002546.SZ,新联电子,电力设备
002547.SZ,*ST春兴,汽车
002548.SZ,金新农,农林牧渔
002549.SZ,凯美特气,基础化工
002550.SZ,千红制药,医药生物
002551.SZ,尚荣医疗,医药生物
002552.SZ,宝鼎科技,电子
002553.SZ,南方精工,汽车
002554.SZ,惠博普,石油石化
002555.SZ,三七互娱,传媒
002556.SZ,辉隆股份,农林牧渔
002557.SZ,洽洽食品,食品饮料
002558.SZ,巨人网络,传媒
002559.SZ,亚威股份,机械设备
002560.SZ,通达股份,电力设备
002561.SZ,徐家汇,商贸零售
002562.SZ,兄弟科技,基础化工
002563.SZ,森马服饰,纺织服饰
002564.SZ,天沃科技,机械设备
002565.SZ,顺灏股份,轻工制造
002566.SZ,益盛药业,医药生物
002567.SZ,唐人神,农林牧渔
002568.SZ,百润股份,食品饮料
002569.SZ,*ST步森,纺织服饰
002570.SZ,贝因美,食品饮料
002571.SZ,德力股份,轻工制造
002572.SZ,索菲亚,轻工制造
002573.SZ,清新环境,环保
002574.SZ,明牌珠宝,纺织服饰
002575.SZ,群兴玩具,综合
002576.SZ,通达动力,电力设备
002577.SZ,雷柏科技,计算机
002578.SZ,闽发铝业,有色金属
002579.SZ,中京电子,电子
002580.SZ,圣阳股份,电力设备
002581.SZ,*ST未名,医药生物
002582.SZ,好想你,食品饮料
002583.SZ,海能达,通信
002584.SZ,西陇科学,电子
002585.SZ,双星新材,基础化工
002586.SZ,围海股份,建筑装饰
002587.SZ,奥拓电子,电子
002588.SZ,史丹利,基础化工
002589.SZ,瑞康医药,医药生物
002590.SZ,万安科技,汽车
002591.SZ,恒大高新,基础化工
002592.SZ,ST八菱,汽车
002593.SZ,日上集团,建筑装饰
002594.SZ,比亚迪,汽车
002595.SZ,豪迈科技,机械设备
002596.SZ,海南瑞泽,建筑材料
002597.SZ,金禾实业,基础化工
002598.SZ,ST章鼓,机械设备
002599.SZ,盛通股份,轻工制造
002600.SZ,领益智造,电子
002601.SZ,龙佰集团,基础化工
002602.SZ,世纪华通,传媒
002603.SZ,以岭药业,医药生物
002605.SZ,姚记科技,传媒
002606.SZ,大连电瓷,电力设备
002607.SZ,中公教育,社会服务
002608.SZ,江苏国信,公用事业
002609.SZ,捷顺科技,计算机
002611.SZ,东方精工,机械设备
002612.SZ,朗姿股份,纺织服饰
002613.SZ,北玻股份,建筑材料
002614.SZ,奥佳华,家用电器
002615.SZ,哈尔斯,轻工制造
002616.SZ,长青集团,公用事业
002617.SZ,露笑科技,公用事业
002620.SZ,*ST瑞和,建筑装饰
002622.SZ,皓宸医疗,医药生物
002623.SZ,亚玛顿,电力设备
002624.SZ,完美世界,传媒
002625.SZ,光启技术,国防军工
002626.SZ,金达威,食品饮料
002627.SZ,三峡旅游,社会服务
002628.SZ,成都路桥,建筑装饰
002629.SZ,仁智股份,石油石化
002630.SZ,*ST华西,电力设备
002631.SZ,德尔未来,轻工制造
002632.SZ,道明光学,基础化工
002633.SZ,申科股份,机械设备
002634.SZ,*ST棒杰,纺织服饰
002635.SZ,安洁科技,电子
002636.SZ,金安国纪,电子
002637.SZ,赞宇科技,基础化工
002638.SZ,勤上股份,家用电器
002639.SZ,雪人集团,机械设备
002640.SZ,跨境通,商贸零售
002641.SZ,公元股份,建筑材料
002642.SZ,荣联科技,计算机
002643.SZ,万润股份,电子
002644.SZ,佛慈制药,医药生物
002645.SZ,华宏科技,环保
002646.SZ,天佑德酒,食品饮料
002647.SZ,仁东控股,非银金融
002648.SZ,卫星化学,基础化工
002649.SZ,博彦科技,计算机
002650.SZ,ST加加,食品饮料
002651.SZ,利君股份,国防军工
002652.SZ,扬子新材,建筑材料
002653.SZ,海思科,医药生物
002654.SZ,万润科技,电子
002655.SZ,共达电声,电子
002656.SZ,摩登大道,纺织服饰
002657.SZ,中科金财,计算机
002658.SZ,雪迪龙,环保
002659.SZ,凯文教育,社会服务
002660.SZ,茂硕电源,电子
002661.SZ,克明食品,食品饮料
002662.SZ,峰璟股份,汽车
002663.SZ,普邦股份,建筑装饰
002664.SZ,信质集团,汽车
002666.SZ,德联集团,基础化工
002667.SZ,*ST威领,机械设备
002668.SZ,TCL智家,家用电器
002669.SZ,康达新材,基础化工
002670.SZ,国盛证券,非银金融
002671.SZ,龙泉股份,建筑材料
002672.SZ,东江环保,环保
002673.SZ,西部证券,非银金融
002674.SZ,兴业科技,纺织服饰
002675.SZ,东诚药业,医药生物
002676.SZ,顺威股份,家用电器
002677.SZ,浙江美大,家用电器
002678.SZ,珠江钢琴,轻工制造
002679.SZ,福建金森,农林牧渔
002681.SZ,奋达科技,电子
002682.SZ,龙洲股份,交通运输
002683.SZ,广东宏大,基础化工
002685.SZ,华东重机,机械设备
002686.SZ,亿利达,机械设备
002687.SZ,乔治白,纺织服饰
002688.SZ,金河生物,农林牧渔
002689.SZ,ST远智,机械设备
002690.SZ,美亚光电,机械设备
002691.SZ,*ST冀凯,机械设备
002692.SZ,远程股份,电力设备
002693.SZ,双成药业,医药生物
002694.SZ,*ST顾地,建筑材料
002695.SZ,煌上煌,食品饮料
002696.SZ,百洋股份,农林牧渔
002697.SZ,红旗连锁,商贸零售
002698.SZ,博实股份,机械设备
002700.SZ,万憬能源,公用事业
002701.SZ,奥瑞金,轻工制造
002702.SZ,海欣食品,食品饮料
002703.SZ,浙江世宝,汽车
002705.SZ,新宝股份,家用电器
002706.SZ,良信股份,电力设备
002707.SZ,众信旅游,社会服务
002708.SZ,光洋股份,汽车
002709.SZ,天赐材料,电力设备
002712.SZ,思美传媒,传媒
002713.SZ,东易日盛,建筑装饰
002714.SZ,牧原股份,农林牧渔
002715.SZ,登云股份,汽车
002716.SZ,湖南白银,有色金属
002717.SZ,*ST岭南,建筑装饰
002718.SZ,友邦吊顶,建筑材料
002719.SZ,ST麦趣,食品饮料
002721.SZ,金一文化,纺织服饰
002722.SZ,物产金轮,机械设备
002723.SZ,小崧股份,家用电器
002724.SZ,海洋王,家用电器
002725.SZ,跃岭股份,汽车
002726.SZ,ST龙大,食品饮料
002727.SZ,一心堂,医药生物
002728.SZ,特一药业,医药生物
002729.SZ,好利科技,电子
002730.SZ,电光科技,机械设备
002731.SZ,*ST萃华,纺织服饰
002732.SZ,燕塘乳业,食品饮料
002733.SZ,雄韬股份,电力设备
002734.SZ,利民股份,基础化工
002735.SZ,王子新材,轻工制造
002736.SZ,国信证券,非银金融
002737.SZ,葵花药业,医药生物
002738.SZ,中矿资源,有色金属
002739.SZ,儒意电影,传媒
002741.SZ,光华科技,电子
002742.SZ,冀衡医药,医药生物
002743.SZ,ST富煌,建筑装饰
002745.SZ,木林森,电子
002746.SZ,仙坛股份,农林牧渔
002747.SZ,埃斯顿,机械设备
002748.SZ,世龙实业,基础化工
002749.SZ,国光股份,基础化工
002752.SZ,昇兴股份,轻工制造
002753.SZ,永东股份,基础化工
002755.SZ,奥赛康,医药生物
002756.SZ,永兴材料,有色金属
002757.SZ,南兴股份,机械设备
002758.SZ,浙农股份,基础化工
002759.SZ,ST天际,电力设备
002760.SZ,凤形股份,机械设备
002761.SZ,浙江建投,建筑装饰
002762.SZ,金发拉比,纺织服饰
002763.SZ,汇洁股份,纺织服饰
002765.SZ,蓝黛科技,汽车
002766.SZ,索菱股份,汽车
002767.SZ,先锋电子,机械设备
002768.SZ,国恩股份,基础化工
002769.SZ,普路通,交通运输
002771.SZ,真视通,计算机
002772.SZ,众兴菌业,农林牧渔
002773.SZ,康弘药业,医药生物
002774.SZ,快意电梯,机械设备
002775.SZ,文科股份,建筑装饰
002777.SZ,久远银海,计算机
002778.SZ,中晟高科,环保
002779.SZ,中坚科技,机械设备
002780.SZ,三夫户外,纺织服饰
002782.SZ,可立克,电子
002783.SZ,凯龙股份,基础化工
002785.SZ,万里石,建筑材料
002786.SZ,银宝山新,机械设备
002787.SZ,华源控股,轻工制造
002788.SZ,鹭燕医药,医药生物
002789.SZ,*ST建艺,建筑装饰
002790.SZ,瑞尔特,轻工制造
002791.SZ,坚朗五金,建筑材料
002792.SZ,通宇通讯,通信
002793.SZ,罗欣药业,医药生物
002795.SZ,永和智控,机械设备
002796.SZ,世嘉科技,通信
002797.SZ,第一创业,非银金融
002798.SZ,帝欧水华,轻工制造
002799.SZ,环球印务,轻工制造
002800.SZ,天顺股份,交通运输
002801.SZ,微光股份,电力设备
002802.SZ,洪汇新材,基础化工
002803.SZ,吉宏股份,商贸零售
002805.SZ,丰元股份,电力设备
002806.SZ,华锋股份,汽车
002807.SZ,江阴银行,银行
002808.SZ,恒久退(退市),电子
002809.SZ,红墙股份,基础化工
002810.SZ,山东赫达,基础化工
002811.SZ,郑中设计,建筑装饰
002812.SZ,恩捷股份,电力设备
002813.SZ,路畅科技,汽车
002815.SZ,崇达技术,电子
002816.SZ,*ST和科,机械设备
002817.SZ,黄山胶囊,医药生物
002818.SZ,富森美,商贸零售
002819.SZ,东方中科,机械设备
002820.SZ,桂发祥,食品饮料
002821.SZ,凯莱英,医药生物
002822.SZ,ST中装,建筑装饰
002823.SZ,凯中精密,电力设备
002824.SZ,和胜股份,有色金属
002825.SZ,纳尔股份,基础化工
002826.SZ,易明医药,医药生物
002827.SZ,高争民爆,基础化工
002828.SZ,贝肯能源,石油石化
002829.SZ,星网宇达,国防军工
002830.SZ,名雕股份,建筑装饰
002831.SZ,裕同科技,轻工制造
002832.SZ,比音勒芬,纺织服饰
002833.SZ,弘亚数控,机械设备
002835.SZ,同为股份,计算机
002836.SZ,新宏泽,轻工制造
002837.SZ,英维克,机械设备
002838.SZ,道恩股份,基础化工
002839.SZ,张家港行,银行
002840.SZ,华统股份,食品饮料
002841.SZ,视源股份,电子
002842.SZ,翔鹭钨业,有色金属
002843.SZ,泰嘉股份,机械设备
002845.SZ,同兴达,电子
002846.SZ,英联股份,轻工制造
002847.SZ,盐津铺子,食品饮料
002848.SZ,高斯贝尔,家用电器
002849.SZ,威星智能,机械设备
002850.SZ,科达利,电力设备
002851.SZ,麦格米特,电力设备
002852.SZ,道道全,农林牧渔
002853.SZ,皮阿诺,轻工制造
002855.SZ,捷荣技术,电子
002856.SZ,*ST美芝,建筑装饰
002857.SZ,三晖电气,电力设备
002858.SZ,力盛体育,社会服务
002859.SZ,洁美科技,电子
002860.SZ,星帅尔,家用电器
002861.SZ,瀛通通讯,电子
002862.SZ,实丰文化,轻工制造
002863.SZ,今飞凯达,汽车
002864.SZ,盘龙药业,医药生物
002865.SZ,钧达股份,电力设备
002866.SZ,传艺科技,电子
002867.SZ,周大生,纺织服饰
002868.SZ,绿康生化,农林牧渔
002869.SZ,金溢科技,计算机
002870.SZ,香山股份,汽车
002871.SZ,伟隆股份,机械设备
002872.SZ,ST天圣,医药生物
002873.SZ,新天药业,医药生物
002875.SZ,安奈儿,纺织服饰
002876.SZ,三利谱,电子
002877.SZ,智能自控,机械设备
002878.SZ,元隆雅图,传媒
002879.SZ,长缆科技,电力设备
002880.SZ,卫光生物,医药生物
002881.SZ,美格智能,通信
002882.SZ,金龙羽,电力设备
002883.SZ,*ST中设,建筑装饰
002884.SZ,凌霄泵业,机械设备
002885.SZ,京泉华,电子
002886.SZ,沃特股份,基础化工
002887.SZ,绿茵生态,环保
002888.SZ,惠威科技,电子
002889.SZ,东方嘉盛,交通运输
002890.SZ,弘宇股份,机械设备
002891.SZ,中宠股份,农林牧渔
002892.SZ,科力尔,电力设备
002893.SZ,京能热力,公用事业
002895.SZ,川恒股份,基础化工
002896.SZ,中大力德,机械设备
002897.SZ,意华股份,通信
002898.SZ,赛隆退(退市),计算机
002899.SZ,英派斯,轻工制造
002900.SZ,哈三联,医药生物
002901.SZ,大博医疗,医药生物
002902.SZ,铭普光磁,通信
002903.SZ,宇环数控,机械设备
002905.SZ,金逸影视,传媒
002906.SZ,华阳集团,汽车
002907.SZ,华森制药,医药生物
002908.SZ,德生科技,计算机
002909.SZ,集泰股份,基础化工
002910.SZ,庄园牧场,食品饮料
002911.SZ,佛燃能源,公用事业
002912.SZ,中新赛克,计算机
002913.SZ,奥士康,电子
002915.SZ,中欣氟材,基础化工
002916.SZ,深南电路,电子
002917.SZ,金奥博,基础化工
002918.SZ,蒙娜丽莎,轻工制造
002919.SZ,名臣健康,传媒
002920.SZ,德赛西威,计算机
002921.SZ,联诚精密,汽车
002922.SZ,伊戈尔,电子
002923.SZ,润都股份,医药生物
002925.SZ,盈趣科技,电子
002926.SZ,华西证券,非银金融
002927.SZ,泰永长征,电力设备
002928.SZ,华夏航空,交通运输
002929.SZ,润建股份,通信
002930.SZ,宏川智慧,交通运输
002931.SZ,锋龙股份,机械设备
002932.SZ,*ST明德,医药生物
002933.SZ,新兴装备,国防军工
002935.SZ,天奥电子,国防军工
002936.SZ,郑州银行,银行
002937.SZ,兴瑞科技,汽车
002938.SZ,鹏鼎控股,电子
002939.SZ,长城证券,非银金融
002940.SZ,昂利康,医药生物
002941.SZ,新疆交建,建筑装饰
002942.SZ,新农股份,基础化工
002943.SZ,宇晶股份,机械设备
002945.SZ,华林证券,非银金融
002946.SZ,新乳业,食品饮料
002947.SZ,恒铭达,电子
002948.SZ,青岛银行,银行
002949.SZ,华阳国际,建筑装饰
002950.SZ,奥美医疗,医药生物
002951.SZ,金时科技,电力设备
002952.SZ,亚世光电,电子
002953.SZ,日丰股份,电力设备
002955.SZ,鸿合科技,电子
002956.SZ,西麦食品,食品饮料
002957.SZ,科瑞技术,机械设备
002958.SZ,青农商行,银行
002959.SZ,小熊电器,家用电器
002960.SZ,青鸟智控,机械设备
002961.SZ,瑞达期货,非银金融
002962.SZ,五方光电,电子
002963.SZ,豪尔赛,建筑装饰
002965.SZ,祥鑫科技,汽车
002966.SZ,苏州银行,银行
002967.SZ,广电计量,社会服务
002968.SZ,新大正,房地产
002969.SZ,嘉美包装,轻工制造
002970.SZ,锐明技术,计算机
002971.SZ,和远气体,基础化工
002972.SZ,科安达,机械设备
002973.SZ,侨银股份,环保
002975.SZ,博杰股份,机械设备
002976.SZ,瑞玛精密,汽车
002977.SZ,*ST天箭,国防军工
002978.SZ,安宁股份,有色金属
002979.SZ,雷赛智能,机械设备
002980.SZ,华盛昌,电力设备
002981.SZ,朝阳科技,电子
002982.SZ,湘佳股份,农林牧渔
002983.SZ,芯瑞达,电子
002984.SZ,森麒麟,汽车
002985.SZ,北摩高科,国防军工
002986.SZ,宇新股份,石油石化
002987.SZ,京北方,计算机
002988.SZ,豪美新材,有色金属
002989.SZ,中天精装,建筑装饰
002990.SZ,盛视科技,计算机
002991.SZ,甘源食品,食品饮料
002992.SZ,宝明科技,电子
002993.SZ,奥海科技,电子
002995.SZ,天地在线,传媒
002996.SZ,顺博合金,有色金属
002997.SZ,瑞鹄模具,汽车
002998.SZ,优彩资源,基础化工
002999.SZ,天禾股份,基础化工
003000.SZ,劲仔食品,食品饮料
003001.SZ,中岩大地,建筑装饰
003002.SZ,壶化股份,基础化工
003003.SZ,天元股份,轻工制造
003004.SZ,声迅股份,计算机
003005.SZ,竞业达,计算机
003006.SZ,百亚股份,美容护理
003007.SZ,直真科技,计算机
003008.SZ,开普检测,社会服务
003009.SZ,中天火箭,国防军工
003010.SZ,若羽臣,商贸零售
003011.SZ,海象新材,轻工制造
003012.SZ,东鹏控股,轻工制造
003013.SZ,地铁设计,建筑装饰
003015.SZ,日久光电,电子
003016.SZ,欣贺股份,纺织服饰
003017.SZ,大洋生物,基础化工
003018.SZ,金富科技,轻工制造
003019.SZ,宸展光电,电子
003020.SZ,立方制药,医药生物
003021.SZ,兆威机电,电力设备
003022.SZ,联泓新科,电力设备
003023.SZ,彩虹集团,家用电器
003025.SZ,思进智能,机械设备
003026.SZ,中晶科技,电子
003027.SZ,同兴科技,环保
003028.SZ,振邦智能,家用电器
003029.SZ,吉大正元,计算机
003030.SZ,祖名股份,农林牧渔
003031.SZ,中瓷电子,通信
003032.SZ,传智教育,社会服务
003033.SZ,征和工业,汽车
003035.SZ,南网能源,公用事业
003036.SZ,泰坦股份,机械设备
003037.SZ,三和管桩,建筑材料
003038.SZ,鑫铂股份,有色金属
003039.SZ,顺控发展,环保
003040.SZ,楚天龙,通信
003041.SZ,真爱美家,纺织服饰
003042.SZ,中农联合,基础化工
003043.SZ,华亚智能,电子
003816.SZ,中国广核,公用事业
300001.SZ,特锐德,电力设备
300002.SZ,神州泰岳,传媒
300003.SZ,乐普医疗,医药生物
300004.SZ,南风股份,机械设备
300005.SZ,探路者,纺织服饰
300006.SZ,莱美药业,医药生物
300007.SZ,汉威科技,机械设备
300008.SZ,天海防务,国防军工
300009.SZ,安科生物,医药生物
300010.SZ,ST豆神,社会服务
300011.SZ,鼎汉技术,机械设备
300012.SZ,华测检测,社会服务
300013.SZ,新宁物流,交通运输
300014.SZ,亿纬锂能,电力设备
300015.SZ,爱尔眼科,医药生物
300016.SZ,北陆药业,医药生物
300017.SZ,网宿科技,计算机
300018.SZ,中元股份,电力设备
300019.SZ,硅宝科技,基础化工
300020.SZ,ST银江,计算机
300021.SZ,大禹节水,农林牧渔
300022.SZ,吉峰科技,商贸零售
300024.SZ,机器人,机械设备
300025.SZ,华星创业,通信
300026.SZ,红日药业,医药生物
300027.SZ,ST华谊,传媒
300029.SZ,天龙退(退市),建筑装饰
300030.SZ,阳普医疗,医药生物
300031.SZ,宝通科技,传媒
300032.SZ,金龙机电,电子
300033.SZ,同花顺,计算机
300034.SZ,钢研高纳,国防军工
300035.SZ,中科电气,电力设备
300036.SZ,超图软件,计算机
300037.SZ,新宙邦,电力设备
300039.SZ,上海凯宝,医药生物
300040.SZ,九洲集团,公用事业
300041.SZ,回天新材,基础化工
300042.SZ,朗科科技,计算机
300043.SZ,星辉娱乐,传媒
300044.SZ,*ST赛为,计算机
300045.SZ,华力创通,国防军工
300046.SZ,台基股份,电子
300047.SZ,天源迪科,计算机
300048.SZ,合康新能,机械设备
300049.SZ,福瑞医科,医药生物
300050.SZ,世纪鼎利,社会服务
300051.SZ,琏升科技,电力设备
300052.SZ,中青宝,传媒
300053.SZ,航宇微,电子
300054.SZ,鼎龙股份,电子
300055.SZ,万邦达,石油石化
300056.SZ,中创环保,环保
300057.SZ,万顺新材,有色金属
300058.SZ,蓝色光标,传媒
300059.SZ,东方财富,非银金融
300061.SZ,旗天科技,传媒
300062.SZ,中能电气,电力设备
300063.SZ,天龙集团,传媒
300065.SZ,海兰信,国防军工
300066.SZ,三川智慧,机械设备
300067.SZ,安诺其,基础化工
300068.SZ,ST南都,电力设备
300069.SZ,金利华电,电力设备
300070.SZ,碧水源,环保
300071.SZ,福石控股,传媒
300072.SZ,海新能科,基础化工
300073.SZ,当升科技,电力设备
300074.SZ,华平股份,计算机
300075.SZ,数字政通,计算机
300076.SZ,*ST宁视,电子
300077.SZ,国民技术,电子
300078.SZ,思创智联,计算机
300079.SZ,数码视讯,计算机
300080.SZ,易成新能,电力设备
300081.SZ,ST恒信,通信
300082.SZ,奥克股份,基础化工
300083.SZ,创世纪,机械设备
300084.SZ,海默科技,机械设备
300085.SZ,银之杰,计算机
300086.SZ,康芝药业,医药生物
300087.SZ,ST荃银,农林牧渔
300088.SZ,长信科技,电子
300091.SZ,*ST金灵,机械设备
300092.SZ,科新机电,机械设备
300093.SZ,金刚光伏,电力设备
300094.SZ,国联水产,农林牧渔
300095.SZ,华伍股份,机械设备
300096.SZ,ST易联众,计算机
300097.SZ,智云股份,机械设备
300098.SZ,高新兴,通信
300099.SZ,尤洛卡,机械设备
300100.SZ,双林股份,汽车
300101.SZ,振芯科技,国防军工
300102.SZ,乾照光电,电子
300103.SZ,达刚控股,机械设备
300105.SZ,龙源技术,环保
300106.SZ,西部牧业,食品饮料
300107.SZ,建新股份,基础化工
300109.SZ,新开源,基础化工
300110.SZ,华仁药业,医药生物
300111.SZ,向日葵,医药生物
300112.SZ,万讯自控,机械设备
300113.SZ,顺网科技,传媒
300115.SZ,长盈精密,电子
300118.SZ,东方日升,电力设备
300119.SZ,瑞普生物,农林牧渔
300120.SZ,经纬辉开,电子
300121.SZ,阳谷华泰,基础化工
300122.SZ,智飞生物,医药生物
300123.SZ,ST亚光,国防军工
300124.SZ,汇川技术,机械设备
300125.SZ,聆达股份,公用事业
300126.SZ,锐奇股份,机械设备
300127.SZ,银河磁体,有色金属
300128.SZ,锦富技术,电子
300129.SZ,泰胜风能,电力设备
300130.SZ,新国都,计算机
300131.SZ,英唐智控,电子
300132.SZ,诺斯贝尔,美容护理
300133.SZ,华策影视,传媒
300134.SZ,大富科技,通信
300135.SZ,宝利国际,石油石化
300136.SZ,信维通信,电子
300137.SZ,先河环保,环保
300138.SZ,晨光生物,农林牧渔
300139.SZ,晓程科技,有色金属
300140.SZ,节能环境,环保
300141.SZ,和顺电气,电力设备
300142.SZ,沃森生物,医药生物
300143.SZ,盈康生命,医药生物
300144.SZ,宋城演艺,社会服务
300145.SZ,南方泵业,机械设备
300146.SZ,汤臣倍健,食品饮料
300147.SZ,*ST香雪,医药生物
300148.SZ,天舟文化,传媒
300149.SZ,睿智医药,医药生物
300150.SZ,世纪瑞尔,计算机
300151.SZ,昌红科技,机械设备
300152.SZ,*ST动力,环保
300153.SZ,科泰电源,电力设备
300154.SZ,瑞凌股份,机械设备
300155.SZ,安居宝,计算机
300157.SZ,新锦动力,机械设备
300158.SZ,振东制药,医药生物
300159.SZ,新研股份,机械设备
300160.SZ,秀强股份,家用电器
300161.SZ,华中数控,机械设备
300162.SZ,雷曼光电,电子
300163.SZ,先锋新材,基础化工
300164.SZ,通源石油,石油石化
300165.SZ,天瑞仪器,机械设备
300166.SZ,东方国信,计算机
300167.SZ,ST迪威迅,计算机
300168.SZ,万达信息,计算机
300169.SZ,天晟新材,基础化工
300170.SZ,汉得信息,计算机
300171.SZ,东富龙,医药生物
300172.SZ,中电环保,环保
300173.SZ,ST福能,电力设备
300174.SZ,元力股份,基础化工
300175.SZ,朗源股份,农林牧渔
300176.SZ,鸿特科技,汽车
300177.SZ,中海达,国防军工
300179.SZ,四方达,机械设备
300180.SZ,华峰超纤,基础化工
300181.SZ,佐力药业,医药生物
300182.SZ,捷成股份,传媒
300183.SZ,东软载波,通信
300184.SZ,力源信息,电子
300185.SZ,通裕重工,电力设备
300187.SZ,永清环保,环保
300188.SZ,国投智能,计算机
300189.SZ,神农种业,农林牧渔
300190.SZ,维尔利,环保
300191.SZ,潜能恒信,石油石化
300192.SZ,科德教育,社会服务
300193.SZ,佳士科技,机械设备
300194.SZ,福安药业,医药生物
300195.SZ,长荣股份,机械设备
300196.SZ,长海股份,建筑材料
300197.SZ,节能铁汉,建筑装饰
300198.SZ,*ST纳川,建筑材料
300199.SZ,翰宇药业,医药生物
300200.SZ,高盟新材,基础化工
300201.SZ,海伦哲,机械设备
300203.SZ,聚光科技,环保
300204.SZ,舒泰神,医药生物
300205.SZ,*ST天喻,通信
300206.SZ,理邦仪器,医药生物
300207.SZ,欣旺达,电力设备
300209.SZ,行云科技,计算机
300210.SZ,森远股份,环保
300211.SZ,*ST亿通,通信
300212.SZ,*ST易录,计算机
300213.SZ,佳讯飞鸿,通信
300214.SZ,日科化学,基础化工
300215.SZ,电科院,社会服务
300217.SZ,东方电热,家用电器
300218.SZ,安利股份,基础化工
300219.SZ,鸿利智汇,电子
300220.SZ,金运激光,机械设备
300221.SZ,银禧科技,基础化工
300222.SZ,科大智能,电力设备
300223.SZ,君正股份,电子
300224.SZ,正海磁材,有色金属
300225.SZ,金力泰,基础化工
300226.SZ,上海钢联,计算机
300227.SZ,光韵达,机械设备
300228.SZ,富瑞特装,机械设备
300229.SZ,拓尔思,计算机
300230.SZ,永利股份,基础化工
300231.SZ,银信科技,计算机
300232.SZ,洲明科技,电子
300233.SZ,金城医药,医药生物
300234.SZ,开尔新材,建筑材料
300235.SZ,方直科技,计算机
300236.SZ,上海新阳,电子
300237.SZ,ST美晨,汽车
300238.SZ,冠昊生物,医药生物
300239.SZ,东宝生物,医药生物
300240.SZ,飞力达,交通运输
300241.SZ,瑞丰光电,电子
300242.SZ,佳云科技,传媒
300243.SZ,瑞丰高材,基础化工
300244.SZ,迪安诊断,医药生物
300245.SZ,ST天玑,计算机
300246.SZ,宝莱特,医药生物
300247.SZ,融捷健康,家用电器
300248.SZ,新开普,计算机
300249.SZ,依米康,计算机
300250.SZ,初灵信息,计算机
300251.SZ,光线传媒,传媒
300252.SZ,金信诺,国防军工
300253.SZ,卫宁健康,计算机
300254.SZ,仟源医药,医药生物
300255.SZ,常山药业,医药生物
300256.SZ,星星科技,电子
300257.SZ,开山股份,机械设备
300258.SZ,精锻科技,汽车
300259.SZ,新天科技,机械设备
300260.SZ,新莱应材,机械设备
300261.SZ,雅本化学,基础化工
300263.SZ,隆华科技,机械设备
300264.SZ,佳创视讯,计算机
300265.SZ,通光线缆,电力设备
300266.SZ,兴源环境,环保
300267.SZ,尔康制药,医药生物
300268.SZ,佳沃食品,农林牧渔
300269.SZ,联建光电,电子
300270.SZ,中威电子,计算机
300271.SZ,华宇软件,计算机
300272.SZ,开能健康,家用电器
300274.SZ,阳光电源,电力设备
300275.SZ,梅安森,计算机
300276.SZ,三丰智能,机械设备
300277.SZ,汽轮科技,计算机
300278.SZ,华昌达,机械设备
300279.SZ,和晶科技,家用电器
300281.SZ,金明精机,机械设备
300283.SZ,温州宏丰,电力设备
300284.SZ,苏交科,建筑装饰
300285.SZ,国瓷材料,电子
300286.SZ,安科瑞,电力设备
300287.SZ,飞利信,计算机
300288.SZ,朗玛信息,计算机
300289.SZ,利德曼,医药生物
300290.SZ,ST荣科,计算机
300291.SZ,百纳千成,传媒
300292.SZ,吴通控股,通信
300293.SZ,蓝英装备,机械设备
300294.SZ,博雅生物,医药生物
300295.SZ,*ST三六五,传媒
300296.SZ,利亚德,电子
300298.SZ,三诺生物,医药生物
300299.SZ,富春股份,传媒
300300.SZ,海峡创新,计算机
300301.SZ,ST长方,电子
300302.SZ,同有科技,计算机
300303.SZ,聚飞光电,电子
300304.SZ,云意电气,汽车
300305.SZ,裕兴股份,基础化工
300306.SZ,远方信息,机械设备
300307.SZ,慈星股份,机械设备
300308.SZ,中际旭创,通信
300310.SZ,宜通世纪,通信
300311.SZ,任子行,计算机
300313.SZ,天山生物,农林牧渔
300314.SZ,戴维医疗,医药生物
300315.SZ,掌趣科技,传媒
300316.SZ,晶盛机电,电力设备
300317.SZ,珈伟新能,公用事业
300318.SZ,博晖创新,医药生物
300319.SZ,麦捷科技,电子
300320.SZ,海达股份,基础化工
300321.SZ,同大股份,基础化工
300322.SZ,硕贝德,电子
300323.SZ,华灿光电,电子
300324.SZ,旋极信息,计算机
300326.SZ,ST凯利,医药生物
300327.SZ,中颖电子,电子
300328.SZ,宜安科技,有色金属
300329.SZ,海伦钢琴,轻工制造
300331.SZ,苏大维格,电子
300332.SZ,天壕能源,公用事业
300333.SZ,兆日科技,计算机
300334.SZ,津膜科技,环保
300335.SZ,迪森股份,公用事业
300337.SZ,银邦股份,有色金属
300338.SZ,*ST开元,社会服务
300339.SZ,润和软件,计算机
300340.SZ,科恒股份,电力设备
300341.SZ,麦克奥迪,医药生物
300342.SZ,天银机电,家用电器
300343.SZ,联创股份,基础化工
300344.SZ,立方退(退市),计算机
300345.SZ,华民股份,电力设备
300346.SZ,南大光电,电子
300347.SZ,泰格医药,医药生物
300348.SZ,长亮科技,计算机
300349.SZ,金卡智能,机械设备
300350.SZ,华鹏飞,交通运输
300351.SZ,永贵电器,机械设备
300352.SZ,ST信源,计算机
300353.SZ,东土科技,通信
300354.SZ,东华测试,机械设备
300355.SZ,蒙草生态,建筑装饰
300357.SZ,我武生物,医药生物
300358.SZ,楚天科技,医药生物
300359.SZ,全通教育,社会服务
300360.SZ,炬华科技,电力设备
300363.SZ,博腾股份,医药生物
300364.SZ,中文在线,传媒
300365.SZ,恒华科技,计算机
300366.SZ,ST创意,计算机
300368.SZ,汇金股份,计算机
300369.SZ,绿盟科技,计算机
300370.SZ,安控科技,机械设备
300371.SZ,汇中股份,机械设备
300373.SZ,扬杰科技,电子
300374.SZ,中铁装配,建筑材料
300375.SZ,鹏翎股份,汽车
300376.SZ,易事特,电力设备
300377.SZ,赢时胜,计算机
300378.SZ,鼎捷数智,计算机
300379.SZ,东通退(退市),计算机
300380.SZ,安硕信息,计算机
300381.SZ,溢多利,医药生物
300382.SZ,斯莱克,机械设备
300383.SZ,光环新网,通信
300384.SZ,三联虹普,建筑装饰
300385.SZ,ST雪浪,环保
300386.SZ,飞天诚信,计算机
300387.SZ,富邦科技,基础化工
300388.SZ,节能国祯,环保
300389.SZ,艾比森,电子
300390.SZ,天华新能,电力设备
300391.SZ,长药退(退市),医药生物
300393.SZ,中来股份,电力设备
300394.SZ,天孚通信,通信
300395.SZ,菲利华,国防军工
300396.SZ,ST迪瑞,医药生物
300397.SZ,天和防务,国防军工
300398.SZ,飞凯材料,电子
300399.SZ,天利科技,计算机
300400.SZ,劲拓股份,机械设备
300401.SZ,花园生物,医药生物
300402.SZ,宝色股份,机械设备
300403.SZ,汉宇集团,家用电器
300404.SZ,博济医药,医药生物
300405.SZ,科隆股份,基础化工
300406.SZ,九强生物,医药生物
300407.SZ,凯发电气,电力设备
300408.SZ,三环集团,电子
300409.SZ,道氏技术,电力设备
300410.SZ,正业科技,电力设备
300411.SZ,金盾股份,机械设备
300412.SZ,迦南科技,机械设备
300413.SZ,芒果超媒,传媒
300414.SZ,中光防雷,通信
300415.SZ,伊之密,机械设备
300416.SZ,苏试试验,社会服务
300417.SZ,南华仪器,机械设备
300418.SZ,昆仑万维,传媒
300419.SZ,ST浩丰,计算机
300420.SZ,五洋自控,机械设备
300421.SZ,力星股份,机械设备
300422.SZ,博世科,环保
300423.SZ,昇辉科技,电力设备
300424.SZ,航新科技,国防军工
300425.SZ,中建环能,环保
300426.SZ,华智数媒,传媒
300427.SZ,红相股份,电力设备
300428.SZ,立中集团,汽车
300429.SZ,强力新材,电子
300430.SZ,*ST益通,医药生物
300432.SZ,富临精工,电力设备
300433.SZ,蓝思科技,电子
300434.SZ,金石亚药,医药生物
300435.SZ,中泰股份,机械设备
300436.SZ,广生堂,医药生物
300437.SZ,清水源,环保
300438.SZ,鹏辉能源,电力设备
300439.SZ,美康生物,医药生物
300440.SZ,运达科技,计算机
300441.SZ,鲍斯股份,机械设备
300442.SZ,润泽科技,通信
300443.SZ,金雷股份,电力设备
300444.SZ,双杰电气,电力设备
300445.SZ,康斯特,机械设备
300446.SZ,航天智造,汽车
300447.SZ,全信股份,国防军工
300448.SZ,浩云科技,计算机
300449.SZ,汉邦高科,计算机
300450.SZ,先导智能,电力设备
300451.SZ,创业慧康,计算机
300452.SZ,山河药辅,医药生物
300453.SZ,三鑫医疗,医药生物
300454.SZ,深信服,计算机
300455.SZ,航天智装,计算机
300456.SZ,赛微电子,电子
300457.SZ,赢合科技,电力设备
300458.SZ,全志科技,电子
300459.SZ,汤姆猫,传媒
300460.SZ,ST惠伦,电子
300461.SZ,田中精机,机械设备
300462.SZ,ST华铭,计算机
300463.SZ,迈克生物,医药生物
300464.SZ,星徽股份,商贸零售
300465.SZ,高伟达,计算机
300466.SZ,赛摩智能,机械设备
300467.SZ,迅游科技,传媒
300468.SZ,四方精创,计算机
300469.SZ,信息发展,计算机
300470.SZ,中密控股,机械设备
300471.SZ,厚普股份,机械设备
300472.SZ,ST新元,机械设备
300473.SZ,德尔股份,汽车
300474.SZ,景嘉微,国防军工
300475.SZ,香农芯创,电子
300476.SZ,胜宏科技,电子
300477.SZ,ST合纵,电力设备
300478.SZ,杭州高新,基础化工
300479.SZ,神思电子,计算机
300480.SZ,光力科技,机械设备
300481.SZ,濮阳惠成,电子
300482.SZ,万孚生物,医药生物
300483.SZ,首华燃气,公用事业
300484.SZ,蓝海华腾,机械设备
300485.SZ,赛升药业,医药生物
300486.SZ,东杰智能,机械设备
300487.SZ,蓝晓科技,基础化工
300488.SZ,恒锋工具,机械设备
300489.SZ,光智科技,电子
300490.SZ,华自科技,电力设备
300491.SZ,通合科技,电力设备
300492.SZ,华图山鼎,社会服务
300493.SZ,润欣科技,电子
300494.SZ,盛天网络,传媒
300496.SZ,中科创达,计算机
300497.SZ,富祥股份,医药生物
300498.SZ,温氏股份,农林牧渔
300499.SZ,高澜股份,机械设备
300500.SZ,启迪设计,建筑装饰
300501.SZ,海顺新材,轻工制造
300502.SZ,新易盛,通信
300503.SZ,昊志机电,机械设备
300504.SZ,天邑股份,通信
300505.SZ,川金诺,基础化工
300506.SZ,名家汇,建筑装饰
300507.SZ,苏奥传感,汽车
300508.SZ,维宏股份,计算机
300509.SZ,新美星,机械设备
300510.SZ,金冠股份,电力设备
300511.SZ,雪榕生物,农林牧渔
300512.SZ,中亚股份,机械设备
300513.SZ,恒实科技,通信
300514.SZ,友讯达,电力设备
300515.SZ,三德科技,机械设备
300516.SZ,久之洋,电子
300517.SZ,海波重科,建筑装饰
300518.SZ,新迅达,商贸零售
300519.SZ,新光药业,医药生物
300520.SZ,科大国创,计算机
300521.SZ,爱司凯,机械设备
300522.SZ,世名科技,基础化工
300523.SZ,辰安科技,计算机
300525.SZ,博思软件,计算机
300527.SZ,ST应急,国防军工
300528.SZ,幸福蓝海,传媒
300529.SZ,健帆生物,医药生物
300530.SZ,领湃科技,电力设备
300531.SZ,优博讯,计算机
300532.SZ,今天国际,计算机
300533.SZ,冰川网络,传媒
300534.SZ,陇神戎发,医药生物
300535.SZ,达威股份,基础化工
300536.SZ,农尚环境,计算机
300537.SZ,广信材料,电子
300538.SZ,同益股份,基础化工
300539.SZ,横河精密,基础化工
300540.SZ,蜀道装备,机械设备
300541.SZ,先进数通,计算机
300542.SZ,新晨科技,计算机
300543.SZ,朗科智能,家用电器
300545.SZ,联得装备,电子
300546.SZ,雄帝科技,计算机
300547.SZ,川环科技,汽车
300548.SZ,长芯博创,通信
300549.SZ,优德精密,机械设备
300550.SZ,和仁科技,计算机
300551.SZ,古鳌科技,计算机
300552.SZ,万集科技,计算机
300553.SZ,集智股份,机械设备
300554.SZ,三超新材,机械设备
300555.SZ,ST路通,通信
300556.SZ,丝路视觉,计算机
300557.SZ,理工光科,机械设备
300558.SZ,贝达药业,医药生物
300559.SZ,佳发教育,计算机
300560.SZ,中富通,通信
300561.SZ,汇金科技,计算机
300562.SZ,乐心股份,医药生物
300563.SZ,神宇股份,通信
300564.SZ,筑博设计,建筑装饰
300565.SZ,科信技术,通信
300566.SZ,激智科技,电子
300567.SZ,精测电子,机械设备
300568.SZ,星源材质,电力设备
300569.SZ,天能重工,电力设备
300570.SZ,太辰光,通信
300571.SZ,平治信息,通信
300572.SZ,安车检测,机械设备
300573.SZ,兴齐眼药,医药生物
300575.SZ,中旗股份,基础化工
300576.SZ,容大感光,电子
300577.SZ,开润股份,纺织服饰
300578.SZ,会畅科技,通信
300579.SZ,数字认证,计算机
300580.SZ,贝斯特,汽车
300581.SZ,晨曦航空,国防军工
300582.SZ,英飞特,电子
300583.SZ,赛托生物,医药生物
300584.SZ,海辰药业,医药生物
300585.SZ,奥联电子,汽车
300586.SZ,美联新材,基础化工
300587.SZ,天铁科技,基础化工
300588.SZ,熙菱信息,计算机
300589.SZ,江龙船艇,国防军工
300590.SZ,移为通信,通信
300591.SZ,万里马,纺织服饰
300592.SZ,华凯易佰,商贸零售
300593.SZ,新雷能,电力设备
300594.SZ,ST朗进,机械设备
300595.SZ,欧普康视,医药生物
300596.SZ,利安隆,基础化工
300597.SZ,吉大通信,通信
300598.SZ,诚迈科技,计算机
300599.SZ,雄塑科技,建筑材料
300600.SZ,国瑞科技,国防军工
300601.SZ,康泰生物,医药生物
300602.SZ,飞荣达,电子
300603.SZ,立昂技术,通信
300604.SZ,长川科技,电子
300605.SZ,恒锋信息,计算机
300606.SZ,金太阳,机械设备
300607.SZ,拓斯达,机械设备
300608.SZ,思特奇,计算机
300609.SZ,汇纳科技,计算机
300610.SZ,晨化股份,基础化工
300611.SZ,美力科技,汽车
300612.SZ,宣亚国际,传媒
300613.SZ,富瀚微,电子
300614.SZ,百川畅银,环保
300615.SZ,欣天科技,通信
300616.SZ,尚品宅配,轻工制造
300617.SZ,安靠智电,电力设备
300618.SZ,寒锐钴业,有色金属
300619.SZ,金银河,电力设备
300620.SZ,光库科技,通信
300621.SZ,维业股份,建筑装饰
300622.SZ,博士眼镜,商贸零售
300623.SZ,捷捷微电,电子
300624.SZ,万兴科技,计算机
300625.SZ,三雄极光,家用电器
300626.SZ,华瑞股份,电力设备
300627.SZ,华测导航,通信
300628.SZ,亿联网络,通信
300629.SZ,新劲刚,国防军工
300631.SZ,久吾高科,环保
300632.SZ,光莆股份,电子
300633.SZ,开立医疗,医药生物
300634.SZ,彩讯股份,计算机
300635.SZ,中达安,建筑装饰
300636.SZ,同和药业,医药生物
300637.SZ,扬帆新材,基础化工
300638.SZ,广和通,通信
300639.SZ,凯普生物,医药生物
300640.SZ,德艺文创,轻工制造
300641.SZ,正丹股份,基础化工
300642.SZ,透景生命,医药生物
300643.SZ,万通智控,汽车
300644.SZ,南京聚隆,基础化工
300645.SZ,正元智慧,计算机
300647.SZ,超频三,电子
300648.SZ,星云股份,电力设备
300649.SZ,杭州园林,建筑装饰
300650.SZ,太龙股份,电子
300651.SZ,金陵体育,轻工制造
300652.SZ,雷迪克,汽车
300653.SZ,正海生物,医药生物
300654.SZ,世纪天鸿,传媒
300655.SZ,晶瑞电材,电子
300656.SZ,民德电子,电子
300657.SZ,弘信电子,电子
300658.SZ,延江股份,美容护理
300659.SZ,中孚信息,计算机
300660.SZ,江苏雷利,电力设备
300661.SZ,圣邦股份,电子
300662.SZ,科锐国际,社会服务
300663.SZ,科蓝软件,计算机
300664.SZ,鹏鹞环保,环保
300665.SZ,飞鹿股份,基础化工
300666.SZ,江丰电子,电子
300667.SZ,必创科技,机械设备
300668.SZ,杰恩股份,建筑装饰
300669.SZ,沪宁股份,机械设备
300670.SZ,大烨智能,电力设备
300671.SZ,富满微,电子
300672.SZ,国科微,电子
300673.SZ,佩蒂股份,农林牧渔
300674.SZ,宇信科技,计算机
300675.SZ,建科院,建筑装饰
300676.SZ,华大基因,医药生物
300677.SZ,英科医疗,医药生物
300678.SZ,中科信息,计算机
300679.SZ,电连技术,电子
300680.SZ,隆盛科技,汽车
300681.SZ,英搏尔,汽车
300682.SZ,朗新科技,计算机
300683.SZ,海特生物,医药生物
300684.SZ,中石科技,电子
300685.SZ,艾德生物,医药生物
300686.SZ,智动力,电子
300687.SZ,赛意信息,计算机
300688.SZ,创业黑马,社会服务
300689.SZ,澄天伟业,通信
300690.SZ,双一科技,电力设备
300691.SZ,联合光电,计算机
300692.SZ,中赋科技,环保
300693.SZ,盛弘股份,电力设备
300694.SZ,蠡湖股份,汽车
300695.SZ,兆丰股份,汽车
300696.SZ,爱乐达,国防军工
300697.SZ,电工合金,有色金属
300698.SZ,万马科技,通信
300699.SZ,光威复材,国防军工
300700.SZ,岱勒新材,机械设备
300701.SZ,森霸传感,电子
300702.SZ,天宇股份,医药生物
300703.SZ,创源股份,轻工制造
300705.SZ,九典制药,医药生物
300706.SZ,阿石创,电子
300707.SZ,威唐工业,汽车
300708.SZ,聚灿光电,电子
300709.SZ,精研科技,电子
300710.SZ,万隆光电,通信
300711.SZ,广哈通信,通信
300712.SZ,永福股份,建筑装饰
300713.SZ,英可瑞,电力设备
300715.SZ,凯伦股份,建筑材料
300716.SZ,*ST泉为,电力设备
300717.SZ,华信新材,基础化工
300718.SZ,长盛轴承,机械设备
300719.SZ,安达维尔,国防军工
300720.SZ,海川智能,机械设备
300721.SZ,怡达股份,基础化工
300722.SZ,新余国科,国防军工
300723.SZ,一品红,医药生物
300724.SZ,捷佳伟创,电力设备
300725.SZ,药石科技,医药生物
300726.SZ,宏达电子,国防军工
300727.SZ,润禾材料,基础化工
300729.SZ,乐歌股份,轻工制造
300730.SZ,科创信息,计算机
300731.SZ,科创新源,基础化工
300732.SZ,设研院,建筑装饰
300733.SZ,西菱动力,汽车
300735.SZ,光弘科技,电子
300736.SZ,百邦科技,电子
300737.SZ,科顺股份,建筑材料
300738.SZ,奥飞数据,通信
300739.SZ,明阳电路,电子
300740.SZ,水羊股份,美容护理
300741.SZ,华宝股份,基础化工
300743.SZ,天地数码,计算机
300745.SZ,欣锐科技,汽车
300746.SZ,汉嘉数智,建筑装饰
300747.SZ,锐科激光,机械设备
300748.SZ,金力永磁,有色金属
300749.SZ,顶固集创,轻工制造
300750.SZ,宁德时代,电力设备
300751.SZ,迈为股份,电力设备
300752.SZ,隆利科技,电子
300753.SZ,爱朋医疗,医药生物
300755.SZ,华致酒行,商贸零售
300756.SZ,金马游乐,机械设备
300757.SZ,罗博特科,机械设备
300758.SZ,七彩化学,基础化工
300759.SZ,康龙化成,医药生物
300760.SZ,迈瑞医疗,医药生物
300761.SZ,立华股份,农林牧渔
300762.SZ,上海瀚讯,国防军工
300763.SZ,锦浪科技,电力设备
300765.SZ,石药创新,医药生物
300766.SZ,每日互动,计算机
300767.SZ,震安科技,基础化工
300768.SZ,迪普科技,计算机
300769.SZ,德方纳米,电力设备
300770.SZ,新媒股份,传媒
300771.SZ,智莱科技,计算机
300772.SZ,运达股份,电力设备
300773.SZ,拉卡拉,非银金融
300774.SZ,倍杰特,环保
300775.SZ,三角防务,国防军工
300776.SZ,帝尔激光,电力设备
300777.SZ,中简科技,国防军工
300778.SZ,新城市,建筑装饰
300779.SZ,惠城环保,环保
300780.SZ,德恩精工,机械设备
300781.SZ,因赛集团,传媒
300782.SZ,卓胜微,电子
300783.SZ,三只松鼠,食品饮料
300784.SZ,利安科技,电子
300785.SZ,值得买,传媒
300786.SZ,国林科技,环保
300787.SZ,海能实业,电子
300788.SZ,中信出版,传媒
300789.SZ,唐源电气,计算机
300790.SZ,宇瞳光学,计算机
300791.SZ,仙乐健康,食品饮料
300792.SZ,壹网壹创,商贸零售
300793.SZ,佳禾智能,电子
300795.SZ,米奥会展,社会服务
300796.SZ,贝斯美,基础化工
300797.SZ,钢研纳克,社会服务
300798.SZ,锦鸡股份,基础化工
300800.SZ,力合科技,环保
300801.SZ,泰和科技,基础化工
300802.SZ,矩子科技,机械设备
300803.SZ,指南针,计算机
300804.SZ,广康生化,基础化工
300805.SZ,电声股份,传媒
300806.SZ,斯迪克,基础化工
300807.SZ,天迈科技,计算机
300808.SZ,久量股份,电子
300809.SZ,华辰装备,机械设备
300810.SZ,中科海讯,国防军工
300811.SZ,铂科新材,有色金属
300812.SZ,易天股份,电子
300813.SZ,泰林生物,机械设备
300814.SZ,中富电路,电子
300815.SZ,玉禾田,环保
300816.SZ,艾可蓝,汽车
300817.SZ,双飞集团,机械设备
300818.SZ,耐普矿机,机械设备
300819.SZ,聚杰微纤,纺织服饰
300820.SZ,英杰电气,电力设备
300821.SZ,东岳硅材,基础化工
300822.SZ,贝仕达克,电子
300823.SZ,建科智能,机械设备
300824.SZ,北鼎股份,家用电器
300825.SZ,阿尔特,汽车
300826.SZ,测绘股份,建筑装饰
300827.SZ,上能电气,电力设备
300828.SZ,锐新科技,机械设备
300829.SZ,金丹科技,基础化工
300830.SZ,金现代,计算机
300831.SZ,ST派瑞,电子
300832.SZ,新产业,医药生物
300833.SZ,浩洋股份,机械设备
300834.SZ,星辉环材,基础化工
300835.SZ,龙磁科技,有色金属
300836.SZ,佰奥智能,机械设备
300837.SZ,浙矿股份,机械设备
300838.SZ,浙江力诺,机械设备
300839.SZ,博汇股份,石油石化
300840.SZ,酷特智能,纺织服饰
300841.SZ,康华生物,医药生物
300842.SZ,帝科股份,电力设备
300843.SZ,胜蓝股份,电子
300844.SZ,山水比德,建筑装饰
300845.SZ,捷安高科,计算机
300846.SZ,首都在线,计算机
300847.SZ,中船汉光,计算机
300848.SZ,美瑞新材,基础化工
300849.SZ,锦盛新材,美容护理
300850.SZ,新强联,电力设备
300851.SZ,交大思诺,机械设备
300852.SZ,四会富仕,电子
300853.SZ,申昊科技,电力设备
300854.SZ,中兰环保,环保
300855.SZ,图南股份,有色金属
300856.SZ,科思股份,美容护理
300857.SZ,协创数据,电子
300858.SZ,科拓生物,基础化工
300859.SZ,西域旅游,社会服务
300860.SZ,锋尚文化,社会服务
300861.SZ,美畅股份,机械设备
300862.SZ,蓝盾光电,机械设备
300863.SZ,卡倍亿,汽车
300864.SZ,南大环境,环保
300865.SZ,大宏立,机械设备
300866.SZ,安克创新,电子
300867.SZ,圣元环保,环保
300868.SZ,杰美特,电子
300869.SZ,康泰医学,医药生物
300870.SZ,欧陆通,电力设备
300871.SZ,回盛生物,农林牧渔
300872.SZ,天阳科技,计算机
300873.SZ,海晨股份,交通运输
300875.SZ,捷强装备,国防军工
300876.SZ,蒙泰高新,基础化工
300877.SZ,金春股份,纺织服饰
300878.SZ,维康药业,医药生物
300879.SZ,大叶股份,机械设备
300880.SZ,迦南智能,电力设备
300881.SZ,盛德鑫泰,钢铁
300882.SZ,万胜智能,电力设备
300883.SZ,龙利得,轻工制造
300884.SZ,狄耐克,计算机
300885.SZ,海昌新材,机械设备
300886.SZ,华业香料,基础化工
300887.SZ,谱尼测试,社会服务
300888.SZ,稳健医疗,美容护理
300889.SZ,爱克股份,电子
300890.SZ,翔丰华,电力设备
300891.SZ,惠云钛业,基础化工
300892.SZ,品渥食品,食品饮料
300893.SZ,松原安全,汽车
300894.SZ,火星人,家用电器
300895.SZ,铜牛信息,计算机
300896.SZ,爱美客,美容护理
300897.SZ,山科智能,机械设备
300898.SZ,熊猫乳品,食品饮料
300899.SZ,上海凯鑫,环保
300900.SZ,广联航空,国防军工
300901.SZ,中胤时尚,纺织服饰
300902.SZ,国安达,机械设备
300903.SZ,科翔股份,电子
300904.SZ,威力传动,电力设备
300905.SZ,宝丽迪,基础化工
300906.SZ,日月明,机械设备
300907.SZ,康平科技,电力设备
300908.SZ,仲景食品,食品饮料
300909.SZ,汇创达,电子
300910.SZ,瑞丰新材,基础化工
300911.SZ,亿田智能,家用电器
300912.SZ,凯龙高科,汽车
300913.SZ,兆龙互连,通信
300915.SZ,海融科技,食品饮料
300916.SZ,朗特智能,电子
300917.SZ,特发服务,房地产
300918.SZ,南山智尚,纺织服饰
300919.SZ,中伟新材,电力设备
300920.SZ,润阳科技,基础化工
300921.SZ,南凌科技,通信
300922.SZ,天秦装备,国防军工
300923.SZ,研奥股份,机械设备
300925.SZ,法本信息,计算机
300926.SZ,博俊科技,汽车
300927.SZ,江天化学,基础化工
300928.SZ,华安鑫创,汽车
300929.SZ,华骐环保,环保
300930.SZ,屹通新材,有色金属
300931.SZ,通用电梯,机械设备
300932.SZ,三友联众,电力设备
300933.SZ,中辰股份,电力设备
300935.SZ,盈建科,计算机
300936.SZ,中英科技,电子
300937.SZ,药易购,医药生物
300938.SZ,信测标准,社会服务
300939.SZ,秋田微,电子
300940.SZ,南极光,电子
300941.SZ,创识科技,计算机
300942.SZ,易瑞生物,医药生物
300943.SZ,春晖智控,机械设备
300945.SZ,曼卡龙,纺织服饰
300946.SZ,恒而达,机械设备
300947.SZ,德必集团,商贸零售
300948.SZ,冠中生态,建筑装饰
300949.SZ,奥雅股份,建筑装饰
300950.SZ,德固特,机械设备
300951.SZ,博硕科技,电子
300952.SZ,恒辉安防,纺织服饰
300953.SZ,震裕科技,电力设备
300955.SZ,嘉亨家化,美容护理
300956.SZ,英力股份,电子
300957.SZ,贝泰妮,美容护理
300958.SZ,建工修复,环保
300959.SZ,线上线下,通信
300960.SZ,通业科技,机械设备
300961.SZ,深水海纳,环保
300962.SZ,中金辐照,社会服务
300963.SZ,中洲特材,有色金属
300964.SZ,本川智能,电子
300965.SZ,恒宇信通,国防军工
300966.SZ,共同药业,医药生物
300967.SZ,晓鸣股份,农林牧渔
300968.SZ,格林精密,电子
300969.SZ,恒帅股份,汽车
300970.SZ,华绿生物,农林牧渔
300971.SZ,博亚精工,机械设备
300972.SZ,万辰集团,商贸零售
300973.SZ,立高食品,食品饮料
300975.SZ,商络电子,电子
300976.SZ,达瑞电子,电子
300977.SZ,深圳瑞捷,建筑装饰
300978.SZ,东箭科技,汽车
300979.SZ,华利集团,纺织服饰
300980.SZ,祥源新材,基础化工
300981.SZ,中红医疗,医药生物
300982.SZ,苏文电能,建筑装饰
300983.SZ,尤安设计,建筑装饰
300984.SZ,金沃股份,机械设备
300985.SZ,致远新能,机械设备
300986.SZ,志特新材,建筑装饰
300987.SZ,川网传媒,传媒
300988.SZ,津荣天宇,机械设备
300989.SZ,蕾奥规划,建筑装饰
300990.SZ,同飞股份,机械设备
300991.SZ,创益通,电子
300992.SZ,泰福泵业,机械设备
300993.SZ,玉马科技,轻工制造
300994.SZ,久祺股份,汽车
300995.SZ,奇德新材,基础化工
300996.SZ,普联软件,计算机
300997.SZ,欢乐家,食品饮料
300998.SZ,宁波方正,汽车
300999.SZ,金龙鱼,农林牧渔
301000.SZ,肇民科技,汽车
301001.SZ,凯淳股份,商贸零售
301002.SZ,崧盛股份,电力设备
301003.SZ,江苏博云,基础化工
301004.SZ,嘉益股份,轻工制造
301005.SZ,超捷股份,汽车
301006.SZ,迈拓股份,机械设备
301007.SZ,德迈仕,汽车
301008.SZ,宏昌科技,家用电器
301009.SZ,可靠股份,美容护理
301010.SZ,晶雪节能,建筑材料
301011.SZ,华立科技,轻工制造
301012.SZ,扬电科技,电力设备
301013.SZ,利和兴,机械设备
301015.SZ,百洋医药,医药生物
301016.SZ,雷尔伟,机械设备
301017.SZ,漱玉平民,医药生物
301018.SZ,申菱环境,机械设备
301019.SZ,宁波色母,基础化工
301020.SZ,密封科技,汽车
301021.SZ,英诺激光,机械设备
301022.SZ,海泰科,汽车
301023.SZ,奕帆传动,电力设备
301024.SZ,霍普股份,建筑装饰
301025.SZ,读客文化,传媒
301026.SZ,浩通科技,有色金属
301027.SZ,华蓝集团,建筑装饰
301028.SZ,鼎熔岩,机械设备
301029.SZ,怡合达,机械设备
301030.SZ,*ST仕净,电力设备
301031.SZ,中熔电气,电子
301032.SZ,新柴股份,机械设备
301033.SZ,迈普医学,医药生物
301035.SZ,润丰股份,基础化工
301036.SZ,双乐股份,基础化工
301037.SZ,保立佳,基础化工
301038.SZ,深水规院,建筑装饰
301039.SZ,中集车辆,汽车
301040.SZ,中环海陆,电力设备
301041.SZ,金百泽,电子
301042.SZ,安联锐视,计算机
301043.SZ,绿岛风,机械设备
301045.SZ,天禄科技,电子
301046.SZ,能辉科技,建筑装饰
301047.SZ,义翘神州,医药生物
301048.SZ,金鹰重工,机械设备
301049.SZ,超越科技,环保
301050.SZ,雷电微力,国防军工
301051.SZ,信濠光电,电子
301052.SZ,果麦文化,传媒
301053.SZ,远信工业,机械设备
301055.SZ,张小泉,轻工制造
301056.SZ,森赫股份,机械设备
301057.SZ,汇隆新材,基础化工
301058.SZ,中粮科工,建筑装饰
301059.SZ,金三江,基础化工
301060.SZ,兰卫医学,医药生物
301061.SZ,匠心家居,轻工制造
301062.SZ,上海艾录,轻工制造
301063.SZ,海锅股份,机械设备
301065.SZ,本立科技,医药生物
301066.SZ,万事利,纺织服饰
301067.SZ,显盈科技,电子
301068.SZ,大地海洋,环保
301069.SZ,凯盛新材,基础化工
301070.SZ,开勒股份,机械设备
301071.SZ,力量钻石,基础化工
301072.SZ,中捷精工,汽车
301073.SZ,君亭酒店,社会服务
301075.SZ,多瑞医药,医药生物
301076.SZ,新瀚新材,基础化工
301077.SZ,星华新材,基础化工
301078.SZ,孩子王,商贸零售
301079.SZ,邵阳液压,机械设备
301080.SZ,百普赛斯,医药生物
301081.SZ,严牌股份,环保
301082.SZ,久盛电气,电力设备
301083.SZ,百胜智能,机械设备
301085.SZ,亚康股份,计算机
301086.SZ,鸿富瀚,电子
301087.SZ,可孚医疗,医药生物
301088.SZ,戎美股份,纺织服饰
301089.SZ,拓新药业,医药生物
301090.SZ,华润材料,基础化工
301091.SZ,深城交,建筑装饰
301092.SZ,争光股份,基础化工
301093.SZ,华兰股份,医药生物
301095.SZ,广立微,计算机
301096.SZ,百诚医药,医药生物
301097.SZ,天益医疗,医药生物
301098.SZ,金埔园林,建筑装饰
301099.SZ,雅创电子,电子
301100.SZ,风光股份,基础化工
301101.SZ,明月镜片,轻工制造
301102.SZ,兆讯传媒,传媒
301103.SZ,何氏眼科,医药生物
301105.SZ,鸿铭股份,机械设备
301106.SZ,骏成科技,电子
301107.SZ,瑜欣电子,机械设备
301108.SZ,洁雅股份,美容护理
301109.SZ,军信股份,环保
301110.SZ,青木科技,商贸零售
301111.SZ,粤万年青,医药生物
301112.SZ,信邦智能,机械设备
301113.SZ,雅艺科技,轻工制造
301115.SZ,联检科技,社会服务
301116.SZ,益客食品,农林牧渔
301117.SZ,ST佳缘,计算机
301118.SZ,恒光股份,基础化工
301119.SZ,正强股份,汽车
301120.SZ,新特电气,电力设备
301121.SZ,紫建电子,电力设备
301122.SZ,采纳股份,医药生物
301123.SZ,奕东电子,电子
301125.SZ,腾亚精工,机械设备
301126.SZ,达嘉维康,医药生物
301127.SZ,武汉天源,环保
301128.SZ,强瑞技术,机械设备
301129.SZ,瑞纳智能,机械设备
301130.SZ,西点药业,医药生物
301131.SZ,聚赛龙,基础化工
301132.SZ,满坤科技,电子
301133.SZ,金钟股份,汽车
301135.SZ,瑞德智能,家用电器
301136.SZ,招标股份,建筑装饰
301137.SZ,哈焊华通,机械设备
301138.SZ,华研精机,机械设备
301139.SZ,*ST元道,通信
301141.SZ,中科磁业,有色金属
301148.SZ,嘉戎技术,环保
301149.SZ,隆华新材,基础化工
301150.SZ,中一科技,电力设备
301151.SZ,冠龙节能,机械设备
301152.SZ,天力锂能,电力设备
301153.SZ,中科江南,计算机
301155.SZ,海力风电,电力设备
301156.SZ,美农生物,基础化工
301157.SZ,华塑科技,电力设备
301158.SZ,德石股份,机械设备
301159.SZ,三维天地,计算机
301160.SZ,翔楼新材,机械设备
301161.SZ,唯万密封,机械设备
301162.SZ,国能日新,计算机
301163.SZ,宏德股份,电力设备
301165.SZ,锐捷网络,通信
301166.SZ,优宁维,医药生物
301167.SZ,建研设计,建筑装饰
301168.SZ,通灵股份,电力设备
301169.SZ,零点有数,社会服务
301170.SZ,锡南科技,汽车
301171.SZ,易点天下,传媒
301172.SZ,君逸数码,计算机
301173.SZ,毓恬冠佳,汽车
301175.SZ,中科环保,环保
301176.SZ,逸豪新材,电子
301177.SZ,迪阿股份,纺织服饰
301178.SZ,天亿马,计算机
301179.SZ,泽宇智能,电力设备
301180.SZ,万祥科技,电子
301181.SZ,标榜股份,汽车
301182.SZ,凯旺科技,计算机
301183.SZ,东田微,电子
301185.SZ,鸥玛软件,计算机
301186.SZ,超达装备,汽车
301187.SZ,欧圣电气,家用电器
301188.SZ,力诺药包,医药生物
301189.SZ,奥尼电子,电子
301190.SZ,善水科技,基础化工
301191.SZ,菲菱科思,通信
301192.SZ,泰祥股份,汽车
301193.SZ,家联科技,轻工制造
301195.SZ,北路智控,计算机
301196.SZ,唯科科技,基础化工
301197.SZ,工大科雅,机械设备
301198.SZ,喜悦智行,轻工制造
301199.SZ,迈赫股份,机械设备
301200.SZ,大族数控,机械设备
301201.SZ,诚达药业,医药生物
301202.SZ,朗威股份,通信
301203.SZ,国泰环保,环保
301205.SZ,联特科技,通信
301206.SZ,三元生物,基础化工
301207.SZ,华兰疫苗,医药生物
301208.SZ,中亦科技,计算机
301209.SZ,联合化学,基础化工
301210.SZ,金杨精密,电力设备
301211.SZ,亨迪药业,医药生物
301212.SZ,联盛化学,基础化工
301213.SZ,观想科技,国防军工
301215.SZ,中汽股份,汽车
301216.SZ,万凯新材,基础化工
301217.SZ,铜冠铜箔,电力设备
301218.SZ,华是科技,计算机
301219.SZ,腾远钴业,有色金属
301220.SZ,亚香股份,基础化工
301221.SZ,光庭信息,汽车
301222.SZ,浙江恒威,电力设备
301223.SZ,中荣股份,轻工制造
301225.SZ,恒勃股份,汽车
301226.SZ,祥明智能,电力设备
301227.SZ,森鹰窗业,轻工制造
301228.SZ,实朴检测,社会服务
301229.SZ,纽泰格,汽车
301230.SZ,泓博医药,医药生物
301231.SZ,荣信文化,传媒
301232.SZ,飞沃科技,电力设备
301233.SZ,盛帮股份,汽车
301234.SZ,五洲医疗,医药生物
301235.SZ,华康洁净,医药生物
301236.SZ,软通动力,计算机
301237.SZ,和顺科技,基础化工
301238.SZ,瑞泰新材,电力设备
301239.SZ,普瑞眼科,医药生物
301246.SZ,宏源药业,医药生物
301248.SZ,杰创智能,计算机
301251.SZ,威尔高,电子
301252.SZ,同星科技,家用电器
301255.SZ,通力科技,机械设备
301256.SZ,华融化学,基础化工
301257.SZ,普蕊斯,医药生物
301258.SZ,富士莱,医药生物
301259.SZ,艾布鲁,环保
301260.SZ,格力博,机械设备
301261.SZ,恒工精密,机械设备
301262.SZ,海看股份,传媒
301263.SZ,泰恩康,医药生物
301265.SZ,华新科技,环保
301266.SZ,宇邦新材,电力设备
301267.SZ,华厦眼科,医药生物
301268.SZ,铭利达,机械设备
301269.SZ,华大九天,计算机
301270.SZ,汉仪股份,计算机
301272.SZ,英华特,机械设备
301273.SZ,瑞晨环保,机械设备
301275.SZ,汉朔科技,电子
301276.SZ,嘉曼服饰,纺织服饰
301277.SZ,新天地,医药生物
301278.SZ,快可电子,电力设备
301279.SZ,金道科技,机械设备
301280.SZ,珠城科技,家用电器
301281.SZ,科源制药,医药生物
301282.SZ,金禄电子,电子
301283.SZ,聚胶股份,基础化工
301285.SZ,鸿日达,电子
301286.SZ,侨源股份,基础化工
301287.SZ,康力源,轻工制造
301288.SZ,清研环境,环保
301289.SZ,国缆检测,社会服务
301290.SZ,东星医疗,医药生物
301291.SZ,明阳电气,电力设备
301292.SZ,海科新源,电力设备
301293.SZ,三博脑科,医药生物
301295.SZ,美硕科技,电力设备
301296.SZ,新巨丰,轻工制造
301297.SZ,富乐德,电子
301298.SZ,东利机械,汽车
301299.SZ,卓创资讯,传媒
301300.SZ,远翔新材,基础化工
301301.SZ,川宁生物,医药生物
301302.SZ,华如科技,国防军工
301303.SZ,真兰仪表,机械设备
301305.SZ,朗坤科技,环保
301306.SZ,西测测试,国防军工
301307.SZ,美利信,机械设备
301308.SZ,江波龙,电子
301309.SZ,万得凯,机械设备
301310.SZ,鑫宏业,汽车
301311.SZ,昆船智能,机械设备
301312.SZ,智立方,机械设备
301313.SZ,凡拓数创,传媒
301314.SZ,科瑞思,通信
301315.SZ,威士顿,计算机
301316.SZ,慧博云通,计算机
301317.SZ,鑫磊股份,机械设备
301318.SZ,维海德,计算机
301319.SZ,唯特偶,电子
301320.SZ,豪江智能,机械设备
301321.SZ,翰博高新,电子
301322.SZ,绿通科技,汽车
301323.SZ,新莱福,有色金属
301325.SZ,曼恩斯特,电力设备
301326.SZ,捷邦科技,电子
301327.SZ,华宝新能,电力设备
301328.SZ,维峰电子,电子
301329.SZ,信音电子,电子
301330.SZ,熵基科技,计算机
301331.SZ,恩威医药,医药生物
301332.SZ,德尔玛,家用电器
301333.SZ,诺思格,医药生物
301335.SZ,天元宠物,轻工制造
301336.SZ,趣睡科技,轻工制造
301337.SZ,亚华电子,计算机
301338.SZ,凯格精机,机械设备
301339.SZ,通行宝,计算机
301345.SZ,涛涛车业,汽车
301348.SZ,蓝箭电子,电子
301349.SZ,信德新材,电力设备
301353.SZ,普莱得,机械设备
301355.SZ,南王科技,轻工制造
301356.SZ,天振股份,轻工制造
301357.SZ,北方长龙,国防军工
301358.SZ,湖南裕能,电力设备
301359.SZ,东南电子,电子
301360.SZ,荣旗科技,机械设备
301361.SZ,众智科技,电力设备
301362.SZ,民爆光电,家用电器
301363.SZ,美好医疗,医药生物
301365.SZ,矩阵股份,建筑装饰
301366.SZ,一博科技,电子
301367.SZ,瑞迈特,医药生物
301368.SZ,丰立智能,机械设备
301369.SZ,联动科技,电子
301370.SZ,国科恒泰,医药生物
301371.SZ,敷尔佳,美容护理
301372.SZ,科净源,环保
301373.SZ,凌玮科技,基础化工
301376.SZ,致欧科技,轻工制造
301377.SZ,鼎泰高科,机械设备
301378.SZ,通达海,计算机
301379.SZ,天山电子,电子
301380.SZ,挖金客,通信
301381.SZ,赛维时代,商贸零售
301382.SZ,蜂助手,通信
301383.SZ,天键股份,电子
301386.SZ,未来电器,电力设备
301387.SZ,光大同创,电子
301388.SZ,欣灵电气,电力设备
301389.SZ,隆扬电子,电子
301390.SZ,经纬股份,建筑装饰
301391.SZ,卡莱特,计算机
301392.SZ,汇成真空,机械设备
301393.SZ,昊帆生物,医药生物
301395.SZ,仁信新材,基础化工
301396.SZ,宏景科技,计算机
301397.SZ,溯联股份,汽车
301398.SZ,星源卓镁,汽车
301399.SZ,英特科技,机械设备
301408.SZ,华人健康,医药生物
301413.SZ,安培龙,机械设备
301418.SZ,协昌科技,机械设备
301419.SZ,阿莱德,通信
301421.SZ,波长光电,电子
301428.SZ,世纪恒通,通信
301429.SZ,森泰股份,建筑材料
301439.SZ,泓淋电力,电力设备
301446.SZ,福事特,机械设备
301448.SZ,开创电气,机械设备
301449.SZ,天溯计量,社会服务
301456.SZ,盘古智能,电力设备
301458.SZ,钧崴电子,电子
301459.SZ,丰茂股份,基础化工
301468.SZ,博盈特焊,机械设备
301469.SZ,恒达新材,轻工制造
301479.SZ,弘景光电,电子
301486.SZ,致尚科技,电子
301487.SZ,盟固利,电力设备
301488.SZ,豪恩汽电,汽车
301489.SZ,思泉新材,电子
301491.SZ,汉桑科技,电子
301498.SZ,乖宝宠物,农林牧渔
301499.SZ,维科精密,汽车
301500.SZ,飞南资源,环保
301501.SZ,恒鑫生活,轻工制造
301502.SZ,华阳智能,电力设备
301503.SZ,智迪科技,计算机
301505.SZ,苏州规划,建筑装饰
301507.SZ,民生健康,医药生物
301508.SZ,中机认检,社会服务
301509.SZ,金凯生科,医药生物
301510.SZ,固高科技,机械设备
301511.SZ,德福科技,电力设备
301512.SZ,智信精密,机械设备
301513.SZ,尚水智能,电力设备
301515.SZ,港通医疗,医药生物
301516.SZ,中远通,电力设备
301517.SZ,陕西华达,国防军工
301518.SZ,长华化学,基础化工
301519.SZ,舜禹股份,环保
301520.SZ,万邦医药,医药生物
301522.SZ,上大股份,有色金属
301525.SZ,儒竞科技,机械设备
301526.SZ,国际复材,建筑材料
301528.SZ,多浦乐,机械设备
301529.SZ,福赛科技,汽车
301531.SZ,春光集团,有色金属
301533.SZ,威马农机,机械设备
301535.SZ,浙江华远,汽车
301536.SZ,星宸科技,电子
301538.SZ,骏鼎达,基础化工
301539.SZ,宏鑫科技,汽车
301548.SZ,崇德科技,机械设备
301550.SZ,斯菱智驱,汽车
301551.SZ,无线传媒,传媒
301552.SZ,科力装备,汽车
301555.SZ,惠柏新材,基础化工
301556.SZ,托普云农,计算机
301557.SZ,常友科技,电力设备
301558.SZ,三态股份,商贸零售
301559.SZ,中集环科,机械设备
301560.SZ,众捷股份,汽车
301563.SZ,云汉芯城,电子
301565.SZ,中仑新材,基础化工
301566.SZ,达利凯普,电子
301567.SZ,贝隆精密,电子
301568.SZ,思泰克,机械设备
301571.SZ,国科天成,国防军工
301575.SZ,艾芬达,轻工制造
301577.SZ,美信科技,通信
301578.SZ,辰奕智能,家用电器
301580.SZ,爱迪特,医药生物
301581.SZ,黄山谷捷,汽车
301583.SZ,托伦斯,电子
301584.SZ,建发致新,医药生物
301585.SZ,蓝宇股份,基础化工
301586.SZ,佳力奇,国防军工
301587.SZ,中瑞股份,电力设备
301588.SZ,美新科技,轻工制造
301589.SZ,诺瓦星云,计算机
301590.SZ,优优绿能,电力设备
301591.SZ,肯特股份,基础化工
301592.SZ,六九一二,国防军工
301595.SZ,太力科技,轻工制造
301596.SZ,瑞迪智驱,机械设备
301598.SZ,博科测试,机械设备
301599.SZ,理奇智能,电力设备
301600.SZ,慧翰股份,计算机
301601.SZ,惠通科技,机械设备
301602.SZ,超研股份,医药生物
301603.SZ,乔锋智能,机械设备
301606.SZ,绿联科技,电子
301607.SZ,富特科技,汽车
301608.SZ,博实结,计算机
301609.SZ,山大电力,电力设备
301611.SZ,珂玛科技,电子
301613.SZ,新铝时代,汽车
301616.SZ,浙江华业,机械设备
301617.SZ,博苑新材,基础化工
301618.SZ,长联科技,基础化工
301622.SZ,英思特,有色金属
301626.SZ,苏州天脉,电子
301628.SZ,强达电路,电子
301629.SZ,矽电股份,电子
301630.SZ,同宇新材,电子
301631.SZ,壹连科技,汽车
301632.SZ,广东建科,社会服务
301633.SZ,港迪技术,机械设备
301636.SZ,泽润新能,电力设备
301638.SZ,南网数字,计算机
301655.SZ,绿控传动,汽车
301656.SZ,联合动力,汽车
301658.SZ,首航新能,电力设备
301662.SZ,宏工科技,电力设备
301665.SZ,泰禾股份,基础化工
301666.SZ,大普微-UW,电子
301667.SZ,纳百川,汽车
301668.SZ,昊创瑞通,电力设备
301669.SZ,高特电子,电力设备
301677.SZ,欣兴工具,机械设备
301678.SZ,新恒汇,电子
301680.SZ,固德电材,汽车
301682.SZ,宏明电子,国防军工
301683.SZ,慧谷新材,基础化工
301687.SZ,新广益,基础化工
301688.SZ,格林生物,基础化工
301689.SZ,C电科思,机械设备
301696.SZ,三瑞智能,电力设备
301697.SZ,贝特利,电力设备
301699.SZ,C洛轴,电力设备
301707.SZ,展芯股份,国防军工
301717.SZ,超纯应材,电子
302132.SZ,中航成飞,国防军工
600000.SH,浦发银行,银行
600004.SH,白云机场,交通运输
600006.SH,东风股份,汽车
600007.SH,中国国贸,房地产
600008.SH,首创环保,环保
600009.SH,上海机场,交通运输
600010.SH,包钢股份,钢铁
600011.SH,华能国际,公用事业
600012.SH,皖通高速,交通运输
600015.SH,华夏银行,银行
600016.SH,民生银行,银行
600017.SH,日照港,交通运输
600018.SH,上港集团,交通运输
600019.SH,宝钢股份,钢铁
600020.SH,中原高速,交通运输
600021.SH,上海电力,公用事业
600022.SH,山东钢铁,钢铁
600023.SH,浙能电力,公用事业
600025.SH,华能水电,公用事业
600026.SH,中远海能,交通运输
600027.SH,华电国际,公用事业
600028.SH,中国石化,石油石化
600029.SH,南方航空,交通运输
600030.SH,中信证券,非银金融
600031.SH,三一重工,机械设备
600032.SH,浙江新能,公用事业
600033.SH,福建高速,交通运输
600035.SH,楚天高速,交通运输
600036.SH,招商银行,银行
600037.SH,歌华有线,传媒
600038.SH,中直股份,国防军工
600039.SH,四川路桥,建筑装饰
600048.SH,保利发展,房地产
600050.SH,中国联通,通信
600051.SH,宁波联合,综合
600052.SH,东望时代,公用事业
600053.SH,*ST九鼎,非银金融
600054.SH,黄山旅游,社会服务
600055.SH,万东医疗,医药生物
600056.SH,中国医药,医药生物
600057.SH,厦门象屿,交通运输
600058.SH,五矿发展,商贸零售
600059.SH,古越龙山,食品饮料
600060.SH,海信视像,家用电器
600061.SH,国投资本,非银金融
600062.SH,华润双鹤,医药生物
600063.SH,皖维高新,基础化工
600064.SH,南京高科,房地产
600066.SH,宇通客车,汽车
600067.SH,冠城新材,电力设备
600071.SH,凤凰光学,电子
600072.SH,中船科技,电力设备
600073.SH,光明肉业,食品饮料
600075.SH,新疆天业,基础化工
600076.SH,康欣新材,轻工制造
600078.SH,澄星股份,基础化工
600079.SH,ST人福,医药生物
600080.SH,ST金花,医药生物
600081.SH,东风科技,汽车
600082.SH,ST海泰,房地产
600084.SH,*ST尼雅,食品饮料
600085.SH,同仁堂,医药生物
600088.SH,中视传媒,传媒
600089.SH,特变电工,电力设备
600094.SH,大名城,房地产
600095.SH,湘财股份,非银金融
600096.SH,云天化,基础化工
600097.SH,开创国际,农林牧渔
600098.SH,广州发展,公用事业
600099.SH,林海股份,汽车
600100.SH,同方股份,计算机
600101.SH,明星电力,公用事业
600103.SH,青山纸业,轻工制造
600104.SH,上汽集团,汽车
600105.SH,永鼎股份,通信
600106.SH,重庆路桥,交通运输
600107.SH,*ST尔雅,纺织服饰
600108.SH,亚盛集团,农林牧渔
600109.SH,国金证券,非银金融
600110.SH,诺德股份,电力设备
600111.SH,北方稀土,有色金属
600113.SH,浙江东日,商贸零售
600114.SH,东睦股份,机械设备
600115.SH,中国东航,交通运输
600116.SH,三峡水利,公用事业
600117.SH,西宁特钢,钢铁
600118.SH,中国卫星,国防军工
600119.SH,*ST长投,交通运输
600120.SH,浙江东方,非银金融
600121.SH,郑州煤电,煤炭
600123.SH,兰花科创,煤炭
600125.SH,铁龙物流,交通运输
600126.SH,杭钢股份,钢铁
600127.SH,金健米业,农林牧渔
600128.SH,苏豪弘业,商贸零售
600129.SH,太极集团,医药生物
600130.SH,波导股份,电子
600131.SH,国网信通,计算机
600132.SH,重庆啤酒,食品饮料
600133.SH,东湖高新,环保
600135.SH,乐凯胶片,基础化工
600136.SH,ST明诚,房地产
600137.SH,浪莎股份,纺织服饰
600138.SH,中青旅,社会服务
600141.SH,兴发集团,基础化工
600143.SH,金发科技,基础化工
600148.SH,长春一东,汽车
600149.SH,廊坊发展,公用事业
600150.SH,中国船舶,国防军工
600151.SH,航天机电,汽车
600152.SH,维科技术,电力设备
600153.SH,建发股份,交通运输
600155.SH,华创云信,非银金融
600156.SH,华升股份,纺织服饰
600157.SH,永泰能源,公用事业
600158.SH,中体产业,社会服务
600159.SH,大龙地产,房地产
600160.SH,巨化股份,基础化工
600161.SH,天坛生物,医药生物
600162.SH,香江控股,房地产
600163.SH,中闽能源,公用事业
600165.SH,宁科生物,基础化工
600166.SH,福田汽车,汽车
600167.SH,联美控股,公用事业
600168.SH,武汉控股,环保
600169.SH,ST太重,机械设备
600170.SH,上海建工,建筑装饰
600171.SH,上海贝岭,电子
600172.SH,黄河旋风,机械设备
600173.SH,卧龙新能,房地产
600176.SH,中国巨石,建筑材料
600177.SH,雅戈尔,纺织服饰
600178.SH,东安动力,汽车
600179.SH,安通控股,交通运输
600180.SH,*ST瑞茂,交通运输
600182.SH,S佳通,汽车
600183.SH,生益科技,电子
600184.SH,光电股份,国防军工
600185.SH,珠免集团,商贸零售
600186.SH,莲花控股,食品饮料
600187.SH,*ST国中,环保
600188.SH,兖矿能源,煤炭
600189.SH,泉阳泉,食品饮料
600191.SH,华资实业,农林牧渔
600192.SH,长城电工,电力设备
600193.SH,退市创兴(退市),建筑装饰
600195.SH,中牧股份,农林牧渔
600196.SH,复星医药,医药生物
600197.SH,伊力特,食品饮料
600198.SH,大唐电信,通信
600199.SH,金种子酒,食品饮料
600200.SH,退市苏吴(退市),医药生物
600201.SH,生物股份,农林牧渔
600202.SH,哈空调,机械设备
600203.SH,福日电子,电子
600206.SH,有研新材,电子
600207.SH,安彩高科,电力设备
600208.SH,衢州发展,房地产
600210.SH,紫江企业,轻工制造
600211.SH,西藏药业,医药生物
600212.SH,绿能慧充,电力设备
600215.SH,派斯林,机械设备
600216.SH,浙江医药,医药生物
600217.SH,中再资环,环保
600218.SH,全柴动力,汽车
600219.SH,南山铝业,有色金属
600221.SH,海航控股,交通运输
600222.SH,太龙药业,医药生物
600223.SH,福瑞达,美容护理
600226.SH,亨通股份,公用事业
600227.SH,赤天化,基础化工
600228.SH,返利科技,传媒
600229.SH,城市传媒,传媒
600230.SH,沧州大化,基础化工
600231.SH,凌钢股份,钢铁
600232.SH,金鹰股份,机械设备
600233.SH,圆通速递,交通运输
600234.SH,科新发展,建筑装饰
600235.SH,民丰特纸,轻工制造
600236.SH,桂冠电力,公用事业
600237.SH,铜峰电子,电子
600238.SH,ST椰岛,食品饮料
600239.SH,ST云城,房地产
600241.SH,时代万恒,电力设备
600243.SH,*ST海华,机械设备
600246.SH,万通发展,房地产
600248.SH,陕建股份,建筑装饰
600249.SH,两面针,美容护理
600250.SH,南京商旅,社会服务
600251.SH,冠农股份,农林牧渔
600252.SH,中恒集团,医药生物
600255.SH,鑫科材料,有色金属
600256.SH,广汇能源,石油石化
600257.SH,大湖股份,农林牧渔
600258.SH,首旅酒店,社会服务
600259.SH,中稀有色,有色金属
600261.SH,阳光照明,家用电器
600262.SH,北方股份,机械设备
600265.SH,*ST景谷,农林牧渔
600266.SH,城建发展,房地产
600267.SH,海正药业,医药生物
600268.SH,国电南自,电力设备
600269.SH,赣粤高速,交通运输
600271.SH,航天信息,计算机
600272.SH,开开实业,医药生物
600273.SH,嘉化能源,基础化工
600276.SH,恒瑞医药,医药生物
600278.SH,东方创业,商贸零售
600279.SH,重庆港,交通运输
600280.SH,中央商场,商贸零售
600281.SH,华阳新材,有色金属
600282.SH,南钢股份,钢铁
600283.SH,钱江水利,环保
600284.SH,浦东建设,建筑装饰
600285.SH,羚锐制药,医药生物
600287.SH,苏豪时尚,商贸零售
600288.SH,大恒科技,计算机
600289.SH,ST信通,通信
600292.SH,电投水电,公用事业
600293.SH,三峡新材,建筑材料
600295.SH,鄂尔多斯,钢铁
600298.SH,安琪酵母,食品饮料
600299.SH,安迪苏,基础化工
600300.SH,维维股份,食品饮料
600301.SH,华锡有色,有色金属
600302.SH,ST标准,机械设备
600303.SH,曙光股份,汽车
600305.SH,恒顺醋业,食品饮料
600307.SH,酒钢宏兴,钢铁
600308.SH,华泰股份,轻工制造
600309.SH,万华化学,基础化工
600310.SH,广西能源,公用事业
600312.SH,平高电气,电力设备
600313.SH,农发种业,农林牧渔
600315.SH,上海家化,美容护理
600316.SH,洪都航空,国防军工
600318.SH,新力金融,非银金融
600319.SH,亚星化学,基础化工
600320.SH,振华重工,机械设备
600322.SH,津投城开,房地产
600323.SH,瀚蓝环境,环保
600325.SH,华发股份,房地产
600326.SH,西藏天路,建筑材料
600327.SH,大东方,商贸零售
600328.SH,中盐化工,基础化工
600329.SH,达仁堂,医药生物
600330.SH,天通股份,电子
600331.SH,宏达股份,基础化工
600332.SH,白云山,医药生物
600333.SH,长春燃气,公用事业
600335.SH,国机汽车,汽车
600336.SH,澳柯玛,家用电器
600337.SH,ST美克,轻工制造
600338.SH,西藏珠峰,有色金属
600339.SH,中油工程,石油石化
600340.SH,*ST华幸,房地产
600343.SH,航天动力,机械设备
600345.SH,长江通信,通信
600346.SH,恒力石化,石油石化
600348.SH,华阳股份,煤炭
600350.SH,山东高速,交通运输
600351.SH,亚宝药业,医药生物
600352.SH,浙江龙盛,基础化工
600353.SH,旭光电子,电子
600354.SH,敦煌种业,农林牧渔
600355.SH,*ST精伦(退市),通信
600356.SH,恒丰纸业,轻工制造
600358.SH,国旅联合,传媒
600359.SH,新农开发,农林牧渔
600360.SH,华微电子,电子
600361.SH,创新新材,有色金属
600362.SH,江西铜业,有色金属
600363.SH,联创光电,电子
600365.SH,ST通葡,商贸零售
600366.SH,宁波韵升,有色金属
600367.SH,红星发展,基础化工
600368.SH,五洲交通,交通运输
600369.SH,西南证券,非银金融
600370.SH,*ST三房,基础化工
600371.SH,万向德农,农林牧渔
600372.SH,中航机载,国防军工
600373.SH,中文传媒,传媒
600375.SH,汉马科技,汽车
600376.SH,首开股份,房地产
600377.SH,宁沪高速,交通运输
600378.SH,昊华科技,基础化工
600379.SH,宝光股份,电力设备
600380.SH,健康元,医药生物
600381.SH,*ST春天,食品饮料
600382.SH,广东明珠,钢铁
600383.SH,金地集团,房地产
600386.SH,北巴传媒,汽车
600388.SH,紫金龙净,环保
600389.SH,江山股份,基础化工
600390.SH,五矿资本,非银金融
600391.SH,航发科技,国防军工
600392.SH,盛和资源,有色金属
600395.SH,盘江股份,煤炭
600396.SH,华电辽能,公用事业
600397.SH,江钨装备,机械设备
600398.SH,海澜之家,纺织服饰
600399.SH,抚顺特钢,钢铁
600400.SH,红豆股份,纺织服饰
600403.SH,大有能源,煤炭
600405.SH,动力源,电力设备
600406.SH,国电南瑞,电力设备
600408.SH,安泰集团,煤炭
600409.SH,三友化工,基础化工
600410.SH,华胜天成,计算机
600415.SH,小商品城,商贸零售
600416.SH,湘电股份,电力设备
600418.SH,江淮汽车,汽车
600419.SH,天润乳业,食品饮料
600420.SH,国药现代,医药生物
600421.SH,退市华嵘(退市),机械设备
600422.SH,昆药集团,医药生物
600423.SH,*ST柳化,基础化工
600425.SH,青松建化,建筑材料
600426.SH,华鲁恒升,基础化工
600428.SH,中远海特,交通运输
600429.SH,三元股份,食品饮料
600433.SH,冠豪高新,轻工制造
600435.SH,北方导航,国防军工
600436.SH,片仔癀,医药生物
600438.SH,通威股份,电力设备
600439.SH,ST瑞贝卡,纺织服饰
600444.SH,国机通用,机械设备
600446.SH,金证股份,计算机
600448.SH,华纺股份,纺织服饰
600449.SH,宁夏建材,建筑材料
600452.SH,涪陵电力,公用事业
600455.SH,博通股份,计算机
600456.SH,宝钛股份,有色金属
600458.SH,时代新材,综合
600459.SH,贵研铂业,有色金属
600460.SH,士兰微,电子
600461.SH,洪城环境,环保
600463.SH,空港股份,房地产
600467.SH,好当家,农林牧渔
600468.SH,百利电气,电力设备
600469.SH,风神股份,汽车
600470.SH,六国化工,基础化工
600475.SH,华光环能,公用事业
600476.SH,*ST湘邮,计算机
600477.SH,杭萧钢构,建筑装饰
600478.SH,科力远,电力设备
600479.SH,千金药业,医药生物
600480.SH,凌云股份,汽车
600481.SH,双良节能,电力设备
600482.SH,中国动力,电力设备
600483.SH,福能股份,公用事业
600486.SH,扬农化工,基础化工
600487.SH,亨通光电,通信
600488.SH,津药药业,医药生物
600489.SH,中金黄金,有色金属
600490.SH,鹏欣资源,有色金属
600491.SH,ST龙元,建筑装饰
600493.SH,凤竹纺织,纺织服饰
600495.SH,晋西车轴,机械设备
600496.SH,精工钢构,建筑装饰
600497.SH,驰宏锌锗,有色金属
600498.SH,烽火通信,通信
600499.SH,科达制造,机械设备
600500.SH,中化国际,基础化工
600501.SH,航天晨光,机械设备
600502.SH,安徽建工,建筑装饰
600503.SH,华丽家族,房地产
600505.SH,西昌电力,公用事业
600506.SH,统一股份,石油石化
600507.SH,方大特钢,钢铁
600508.SH,上海能源,煤炭
600509.SH,天富能源,公用事业
600510.SH,黑牡丹,房地产
600511.SH,国药股份,医药生物
600512.SH,腾达建设,建筑装饰
600513.SH,联环药业,医药生物
600515.SH,海南机场,房地产
600516.SH,方大炭素,钢铁
600517.SH,国网英大,非银金融
600518.SH,康美药业,医药生物
600519.SH,贵州茅台,食品饮料
600520.SH,三佳科技,机械设备
600521.SH,华海药业,医药生物
600522.SH,中天科技,通信
600523.SH,贵航股份,汽车
600525.SH,长园集团,电力设备
600526.SH,菲达环保,环保
600527.SH,江南高纤,纺织服饰
600528.SH,中铁工业,机械设备
600529.SH,山东药玻,医药生物
600530.SH,ST交昂,食品饮料
600531.SH,豫光金铅,有色金属
600533.SH,栖霞建设,房地产
600535.SH,天士力,医药生物
600536.SH,中国软件,计算机
600537.SH,*ST亿晶,电力设备
600538.SH,国发股份,医药生物
600539.SH,狮头股份,商贸零售
600540.SH,新赛股份,农林牧渔
600543.SH,*ST莫高,食品饮料
600545.SH,卓郎智能,机械设备
600546.SH,山煤国际,煤炭
600547.SH,山东黄金,有色金属
600548.SH,深高速,交通运输
600549.SH,厦门钨业,有色金属
600550.SH,保变电气,电力设备
600551.SH,时代出版,传媒
600552.SH,凯盛科技,电子
600556.SH,天下秀,传媒
600557.SH,康缘药业,医药生物
600558.SH,大西洋,机械设备
600559.SH,老白干酒,食品饮料
600560.SH,金自天正,机械设备
600561.SH,江西长运,交通运输
600562.SH,国睿科技,国防军工
600563.SH,法拉电子,电子
600566.SH,济川药业,医药生物
600567.SH,山鹰国际,轻工制造
600568.SH,ST中珠,医药生物
600569.SH,安阳钢铁,钢铁
600570.SH,恒生电子,计算机
600571.SH,信雅达,计算机
600572.SH,康恩贝,医药生物
600573.SH,惠泉啤酒,食品饮料
600575.SH,淮河能源,公用事业
600576.SH,祥源文旅,社会服务
600577.SH,精达股份,电力设备
600578.SH,京能电力,公用事业
600579.SH,中化装备,机械设备
600580.SH,卧龙电驱,电力设备
600581.SH,*ST八钢,钢铁
600582.SH,天地科技,机械设备
600583.SH,海油工程,石油石化
600584.SH,长电科技,电子
600585.SH,海螺水泥,建筑材料
600586.SH,金晶科技,建筑材料
600587.SH,新华医疗,医药生物
600588.SH,用友网络,计算机
600589.SH,大位科技,计算机
600590.SH,泰豪科技,电力设备
600592.SH,龙溪股份,机械设备
600593.SH,大连圣亚,社会服务
600594.SH,益佰制药,医药生物
600595.SH,中孚实业,有色金属
600596.SH,新安股份,基础化工
600597.SH,光明乳业,食品饮料
600598.SH,北大荒,农林牧渔
600599.SH,退市熊猫(退市),非银金融
600600.SH,青岛啤酒,食品饮料
600601.SH,方正科技,电子
600602.SH,云赛智联,计算机
600603.SH,广汇物流,交通运输
600604.SH,市北高新,房地产
600605.SH,汇通能源,商贸零售
600606.SH,绿地控股,房地产
600608.SH,退市沪科(退市),商贸零售
600609.SH,金杯汽车,汽车
600610.SH,中毅达,基础化工
600611.SH,大众交通,交通运输
600612.SH,老凤祥,纺织服饰
600613.SH,神奇制药,医药生物
600615.SH,鑫源智造,有色金属
600616.SH,金枫酒业,食品饮料
600617.SH,国新能源,公用事业
600618.SH,氯碱化工,基础化工
600619.SH,海立股份,家用电器
600620.SH,天宸股份,综合
600621.SH,华鑫股份,非银金融
600622.SH,光大嘉宝,房地产
600623.SH,华谊集团,基础化工
600624.SH,ST复华,医药生物
600626.SH,申达股份,汽车
600628.SH,新世界,商贸零售
600629.SH,华建集团,建筑装饰
600630.SH,龙头股份,纺织服饰
600633.SH,浙数文化,传媒
600635.SH,大众公用,公用事业
600636.SH,退市国化(退市),社会服务
600637.SH,东方明珠,传媒
600638.SH,新黄浦,房地产
600639.SH,浦东金桥,房地产
600640.SH,国脉文化,传媒
600641.SH,先导基电,电子
600642.SH,申能股份,公用事业
600643.SH,爱建集团,非银金融
600644.SH,乐山电力,公用事业
600645.SH,中源协和,医药生物
600648.SH,外高桥,房地产
600649.SH,城投控股,房地产
600650.SH,锦江在线,交通运输
600651.SH,飞乐音响,汽车
600653.SH,申华控股,汽车
600654.SH,中安科,计算机
600655.SH,豫园股份,商贸零售
600657.SH,信达地产,房地产
600658.SH,电子城,房地产
600660.SH,福耀玻璃,汽车
600661.SH,昂立教育,社会服务
600662.SH,外服控股,社会服务
600663.SH,陆家嘴,房地产
600664.SH,哈药股份,医药生物
600665.SH,天地源,房地产
600666.SH,奥瑞德,计算机
600667.SH,太极实业,建筑装饰
600668.SH,尖峰集团,建筑材料
600671.SH,天目药业,医药生物
600673.SH,东阳光,综合
600674.SH,川投能源,公用事业
600675.SH,中华企业,房地产
600676.SH,久事动娱,汽车
600678.SH,ST金顶,建筑材料
600679.SH,上海凤凰,汽车
600681.SH,百川能源,公用事业
600682.SH,南京新百,综合
600683.SH,京投发展,房地产
600684.SH,珠江股份,房地产
600685.SH,中船防务,国防军工
600686.SH,金龙汽车,汽车
600688.SH,上海石化,石油石化
600689.SH,上海三毛,综合
600690.SH,海尔智家,家用电器
600691.SH,潞化科技,基础化工
600692.SH,亚通股份,房地产
600693.SH,东百集团,商贸零售
600694.SH,大商股份,商贸零售
600696.SH,退市岩石(退市),食品饮料
600697.SH,欧亚集团,商贸零售
600698.SH,湖南天雁,汽车
600699.SH,均胜电子,汽车
600702.SH,舍得酒业,食品饮料
600703.SH,三安光电,电子
600704.SH,物产中大,交通运输
600706.SH,曲江文旅,社会服务
600707.SH,彩虹股份,电子
600708.SH,光明地产,房地产
600710.SH,苏美达,商贸零售
600711.SH,盛屯矿业,有色金属
600712.SH,南宁百货,商贸零售
600713.SH,南京医药,医药生物
600714.SH,金瑞矿业,基础化工
600715.SH,文投控股,传媒
600716.SH,凤凰股份,房地产
600717.SH,天津港,交通运输
600718.SH,东软集团,计算机
600719.SH,大连热电,公用事业
600720.SH,中交设计,建筑装饰
600721.SH,百花医药,医药生物
600722.SH,金牛化工,基础化工
600724.SH,宁波富达,房地产
600725.SH,云维股份,煤炭
600726.SH,华电能源,公用事业
600727.SH,鲁北化工,基础化工
600728.SH,佳都科技,计算机
600729.SH,重百集团,商贸零售
600730.SH,*ST高科,社会服务
600731.SH,湖南海利,基础化工
600732.SH,爱旭股份,电力设备
600733.SH,北汽蓝谷,汽车
600734.SH,*ST实达,通信
600735.SH,ST新华锦,纺织服饰
600736.SH,苏州高新,房地产
600737.SH,中粮糖业,农林牧渔
600738.SH,丽尚国潮,商贸零售
600739.SH,辽宁成大,医药生物
600740.SH,山西焦化,煤炭
600741.SH,华域汽车,汽车
600742.SH,富维股份,汽车
600743.SH,华远控股,房地产
600744.SH,华银电力,公用事业
600745.SH,*ST闻泰,电子
600746.SH,江苏索普,基础化工
600748.SH,上实发展,房地产
600749.SH,西藏旅游,社会服务
600750.SH,华润江中,医药生物
600751.SH,海航科技,交通运输
600753.SH,ST海钦,交通运输
600754.SH,锦江酒店,社会服务
600755.SH,厦门国贸,交通运输
600756.SH,浪潮软件,计算机
600757.SH,长江传媒,传媒
600758.SH,辽宁能源,煤炭
600759.SH,ST洲际,石油石化
600760.SH,中航沈飞,国防军工
600761.SH,安徽合力,机械设备
600763.SH,通策医疗,医药生物
600764.SH,中国海防,国防军工
600765.SH,中航重机,国防军工
600768.SH,富邦新材,有色金属
600769.SH,祥龙电业,环保
600770.SH,综艺股份,综合
600771.SH,广誉远,医药生物
600773.SH,西藏城投,房地产
600774.SH,汉商集团,医药生物
600775.SH,南京熊猫,通信
600776.SH,东方通信,通信
600777.SH,新潮能源,石油石化
600778.SH,友好集团,商贸零售
600779.SH,水井坊,食品饮料
600780.SH,通宝能源,公用事业
600782.SH,新钢股份,钢铁
600783.SH,鲁信创投,机械设备
600784.SH,鲁银投资,基础化工
600785.SH,新华百货,商贸零售
600787.SH,中储股份,交通运输
600789.SH,鲁抗医药,医药生物
600790.SH,轻纺城,商贸零售
600791.SH,京能置业,房地产
600792.SH,云煤能源,煤炭
600793.SH,宜宾纸业,轻工制造
600794.SH,保税科技,交通运输
600795.SH,国电电力,公用事业
600796.SH,钱江生化,环保
600797.SH,浙大网新,计算机
600798.SH,宁波海运,交通运输
600800.SH,渤海化学,石油石化
600801.SH,华新建材,建筑材料
600802.SH,福建水泥,建筑材料
600803.SH,新奥股份,公用事业
600805.SH,悦达投资,综合
600807.SH,济高发展,综合
600808.SH,马钢股份,钢铁
600809.SH,山西汾酒,食品饮料
600810.SH,神马股份,基础化工
600812.SH,华北制药,医药生物
600814.SH,杭州解百,商贸零售
600815.SH,厦工股份,机械设备
600816.SH,建元信托,非银金融
600817.SH,宇通重工,环保
600818.SH,ST中路,汽车
600819.SH,耀皮玻璃,建筑材料
600820.SH,隧道股份,建筑装饰
600821.SH,金开新能,公用事业
600822.SH,上海物贸,汽车
600824.SH,益民集团,商贸零售
600825.SH,新华传媒,传媒
600826.SH,兰生股份,社会服务
600827.SH,百联股份,商贸零售
600828.SH,茂业商业,商贸零售
600829.SH,人民同泰,医药生物
600830.SH,香溢融通,非银金融
600831.SH,广电网络,传媒
600833.SH,第一医药,医药生物
600834.SH,申通地铁,交通运输
600835.SH,上海机电,机械设备
600838.SH,上海九百,商贸零售
600839.SH,四川长虹,家用电器
600841.SH,动力新科,汽车
600843.SH,上工申贝,机械设备
600844.SH,金煤科技,基础化工
600845.SH,宝信软件,计算机
600846.SH,同济科技,建筑装饰
600847.SH,万里股份,电力设备
600848.SH,上海临港,房地产
600850.SH,电科数字,计算机
600851.SH,海欣股份,医药生物
600853.SH,龙建股份,建筑装饰
600854.SH,春兰股份,家用电器
600855.SH,航天长峰,国防军工
600857.SH,宁波中百,商贸零售
600858.SH,银座股份,商贸零售
600859.SH,王府井,商贸零售
600860.SH,京城股份,机械设备
600861.SH,北京人力,社会服务
600862.SH,中航高科,国防军工
600863.SH,华能蒙电,公用事业
600864.SH,哈投股份,非银金融
600865.SH,百大集团,商贸零售
600866.SH,星湖科技,基础化工
600867.SH,通化东宝,医药生物
600868.SH,梅雁吉祥,公用事业
600869.SH,远东股份,电力设备
600871.SH,石化油服,石油石化
600872.SH,中炬高新,食品饮料
600873.SH,梅花生物,基础化工
600874.SH,创业环保,环保
600875.SH,东方电气,电力设备
600876.SH,凯盛新能,建筑材料
600877.SH,电科芯片,电子
600879.SH,航天电子,国防军工
600880.SH,博瑞传播,社会服务
600881.SH,亚泰集团,综合
600882.SH,妙可蓝多,食品饮料
600883.SH,博闻科技,农林牧渔
600884.SH,杉杉股份,电力设备
600885.SH,宏发股份,电力设备
600886.SH,国投电力,公用事业
600887.SH,伊利股份,食品饮料
600888.SH,新疆众和,有色金属
600889.SH,*ST京化,机械设备
600892.SH,大晟文化,传媒
600893.SH,航发动力,国防军工
600894.SH,广日股份,机械设备
600895.SH,张江高科,房地产
600897.SH,厦门空港,交通运输
600900.SH,长江电力,公用事业
600901.SH,江苏金租,非银金融
600903.SH,贵州燃气,公用事业
600905.SH,三峡能源,公用事业
600906.SH,财达证券,非银金融
600908.SH,无锡银行,银行
600909.SH,华安证券,非银金融
600916.SH,中国黄金,纺织服饰
600917.SH,重庆燃气,公用事业
600918.SH,中泰证券,非银金融
600919.SH,江苏银行,银行
600925.SH,苏能股份,煤炭
600926.SH,杭州银行,银行
600927.SH,永安期货,非银金融
600928.SH,西安银行,银行
600929.SH,雪天盐业,基础化工
600930.SH,华电新能,公用事业
600933.SH,爱柯迪,汽车
600935.SH,华塑股份,基础化工
600936.SH,北投科技,传媒
600938.SH,中国海油,石油石化
600939.SH,重庆建工,建筑装饰
600941.SH,中国移动,通信
600955.SH,维远股份,基础化工
600956.SH,新天绿能,公用事业
600958.SH,东方证券,非银金融
600959.SH,江苏有线,传媒
600960.SH,渤海汽车,汽车
600961.SH,株冶集团,有色金属
600962.SH,国投中鲁,农林牧渔
600963.SH,岳阳林纸,轻工制造
600965.SH,*ST福成,农林牧渔
600966.SH,博汇纸业,轻工制造
600967.SH,内蒙一机,国防军工
600968.SH,海油发展,石油石化
600969.SH,郴电国际,公用事业
600970.SH,中材国际,建筑装饰
600971.SH,恒源煤电,煤炭
600973.SH,宝胜股份,电力设备
600975.SH,新五丰,农林牧渔
600976.SH,健民集团,医药生物
600977.SH,中国电影,传媒
600979.SH,广安爱众,公用事业
600980.SH,北矿科技,机械设备
600981.SH,苏豪汇鸿,商贸零售
600982.SH,宁波能源,公用事业
600983.SH,惠而浦,家用电器
600984.SH,建设机械,机械设备
600985.SH,淮北矿业,煤炭
600986.SH,浙文互联,传媒
600987.SH,航民股份,纺织服饰
600988.SH,赤峰黄金,有色金属
600989.SH,宝丰能源,基础化工
600990.SH,四创电子,国防军工
600992.SH,贵绳股份,机械设备
600993.SH,马应龙,医药生物
600995.SH,南网储能,公用事业
600996.SH,贵广网络,传媒
600997.SH,开滦股份,煤炭
600998.SH,九州通,医药生物
600999.SH,招商证券,非银金融
601000.SH,唐山港,交通运输
601001.SH,晋控煤业,煤炭
601002.SH,晋亿实业,机械设备
601003.SH,柳钢股份,钢铁
601005.SH,重庆钢铁,钢铁
601006.SH,大秦铁路,交通运输
601007.SH,金陵饭店,社会服务
601008.SH,连云港,交通运输
601009.SH,南京银行,银行
601010.SH,ST文峰,商贸零售
601011.SH,宝泰隆,煤炭
601012.SH,隆基绿能,电力设备
601015.SH,陕西黑猫,煤炭
601016.SH,节能风电,公用事业
601018.SH,宁波港,交通运输
601019.SH,山东出版,传媒
601020.SH,华钰矿业,有色金属
601021.SH,春秋航空,交通运输
601022.SH,宁波远洋,交通运输
601026.SH,道生天合,基础化工
601033.SH,永兴股份,环保
601038.SH,一拖股份,机械设备
601058.SH,赛轮轮胎,汽车
601059.SH,信达证券,非银金融
601061.SH,中信金属,商贸零售
601065.SH,江盐集团,基础化工
601066.SH,中信建投,非银金融
601068.SH,中铝国际,建筑装饰
601069.SH,西部黄金,有色金属
601077.SH,渝农商行,银行
601083.SH,锦江航运,交通运输
601086.SH,国芳集团,商贸零售
601088.SH,中国神华,煤炭
601089.SH,福元医药,医药生物
601096.SH,宏盛华源,建筑装饰
601098.SH,中南传媒,传媒
601099.SH,太平洋,非银金融
601100.SH,恒立液压,机械设备
601101.SH,昊华能源,煤炭
601106.SH,中国一重,机械设备
601107.SH,四川成渝,交通运输
601108.SH,财通证券,非银金融
601111.SH,中国国航,交通运输
601112.SH,振石股份,建筑材料
601113.SH,华鼎股份,基础化工
601116.SH,三江购物,商贸零售
601117.SH,中国化学,建筑装饰
601118.SH,海南橡胶,农林牧渔
601121.SH,宝地矿业,钢铁
601123.SH,马矿股份,钢铁
601126.SH,四方股份,电力设备
601127.SH,赛力斯,汽车
601128.SH,常熟银行,银行
601133.SH,柏诚股份,建筑装饰
601136.SH,首创证券,非银金融
601137.SH,博威合金,有色金属
601138.SH,工业富联,电子
601139.SH,深圳燃气,公用事业
601155.SH,新城控股,房地产
601156.SH,东航物流,交通运输
601158.SH,重庆水务,环保
601162.SH,天风证券,非银金融
601163.SH,三角轮胎,汽车
601166.SH,兴业银行,银行
601168.SH,西部矿业,有色金属
601169.SH,北京银行,银行
601177.SH,杭齿前进,机械设备
601179.SH,中国西电,电力设备
601186.SH,中国铁建,建筑装饰
601187.SH,厦门银行,银行
601188.SH,龙江交通,交通运输
601198.SH,东兴证券,非银金融
601199.SH,江南水务,环保
601200.SH,上海环境,环保
601208.SH,东材科技,基础化工
601211.SH,国泰海通,非银金融
601212.SH,白银有色,有色金属
601216.SH,君正集团,基础化工
601218.SH,吉鑫科技,电力设备
601222.SH,林洋能源,电力设备
601225.SH,陕西煤业,煤炭
601226.SH,华电科工,建筑装饰
601228.SH,广州港,交通运输
601229.SH,上海银行,银行
601231.SH,环旭电子,电子
601233.SH,桐昆股份,石油石化
601236.SH,红塔证券,非银金融
601238.SH,广汽集团,汽车
601279.SH,英利汽车,汽车
601288.SH,农业银行,银行
601298.SH,青岛港,交通运输
601311.SH,骆驼股份,电力设备
601318.SH,中国平安,非银金融
601319.SH,中国人保,非银金融
601326.SH,秦港股份,交通运输
601328.SH,交通银行,银行
601330.SH,绿色动力,环保
601333.SH,广深铁路,交通运输
601336.SH,新华保险,非银金融
601339.SH,百隆东方,纺织服饰
601360.SH,三六零,计算机
601366.SH,利群股份,商贸零售
601368.SH,绿城水务,环保
601369.SH,陕鼓动力,机械设备
601375.SH,中原证券,非银金融
601377.SH,兴业证券,非银金融
601388.SH,怡球资源,有色金属
601390.SH,中国中铁,建筑装饰
601398.SH,工商银行,银行
601399.SH,国机重装,机械设备
601456.SH,国联民生,非银金融
601500.SH,通用股份,汽车
601512.SH,中新集团,房地产
601515.SH,衢州东峰,轻工制造
601518.SH,吉林高速,交通运输
601519.SH,大智慧,计算机
601528.SH,瑞丰银行,银行
601555.SH,东吴证券,非银金融
601566.SH,九牧王,纺织服饰
601567.SH,三星电气,电力设备
601568.SH,北元化工,基础化工
601577.SH,长沙银行,银行
601579.SH,会稽山,食品饮料
601588.SH,北辰实业,房地产
601595.SH,上海电影,传媒
601598.SH,中国外运,交通运输
601599.SH,浙文影业,纺织服饰
601600.SH,中国铝业,有色金属
601601.SH,中国太保,非银金融
601606.SH,长城军工,国防军工
601607.SH,上海医药,医药生物
601608.SH,中信重工,机械设备
601609.SH,金田股份,有色金属
601611.SH,中国核建,建筑装饰
601615.SH,明阳智能,电力设备
601616.SH,广电电气,电力设备
601618.SH,中国中冶,建筑装饰
601619.SH,嘉泽新能,公用事业
601628.SH,中国人寿,非银金融
601633.SH,长城汽车,汽车
601636.SH,旗滨集团,建筑材料
601658.SH,邮储银行,银行
601665.SH,齐鲁银行,银行
601666.SH,平煤股份,煤炭
601668.SH,中国建筑,建筑装饰
601669.SH,中国电建,建筑装饰
601677.SH,明泰铝业,有色金属
601678.SH,滨化股份,基础化工
601686.SH,友发集团,钢铁
601688.SH,华泰证券,非银金融
601689.SH,拓普集团,汽车
601696.SH,中银证券,非银金融
601698.SH,中国卫通,国防军工
601699.SH,潞安环能,煤炭
601700.SH,风范股份,电力设备
601702.SH,华峰铝业,有色金属
601717.SH,中创智领,机械设备
601718.SH,ST际华,纺织服饰
601727.SH,上海电气,电力设备
601728.SH,中国电信,通信
601766.SH,中国中车,机械设备
601777.SH,千里科技,汽车
601778.SH,晶科科技,公用事业
601788.SH,光大证券,非银金融
601789.SH,宁波建工,建筑装饰
601798.SH,蓝科高新,机械设备
601799.SH,星宇股份,汽车
601800.SH,中国交建,建筑装饰
601801.SH,皖新传媒,传媒
601808.SH,中海油服,石油石化
601811.SH,新华文轩,传媒
601816.SH,京沪高铁,交通运输
601818.SH,光大银行,银行
601825.SH,沪农商行,银行
601827.SH,三峰环境,环保
601828.SH,美凯龙,商贸零售
601838.SH,成都银行,银行
601857.SH,中国石油,石油石化
601858.SH,中国科传,传媒
601860.SH,紫金银行,银行
601865.SH,福莱特,电力设备
601866.SH,中远海发,交通运输
601868.SH,中国能建,建筑装饰
601869.SH,长飞光纤,通信
601872.SH,招商轮船,交通运输
601877.SH,正泰电器,电力设备
601878.SH,浙商证券,非银金融
601880.SH,辽港股份,交通运输
601881.SH,中国银河,非银金融
601882.SH,海天精工,机械设备
601886.SH,江河集团,建筑装饰
601888.SH,中国中免,商贸零售
601890.SH,亚星锚链,国防军工
601898.SH,中煤能源,煤炭
601899.SH,紫金矿业,有色金属
601900.SH,南方传媒,传媒
601901.SH,方正证券,非银金融
601908.SH,京运通,公用事业
601916.SH,浙商银行,银行
601918.SH,新集能源,煤炭
601919.SH,中远海控,交通运输
601921.SH,浙版传媒,传媒
601928.SH,凤凰传媒,传媒
601929.SH,吉视传媒,传媒
601933.SH,永辉超市,商贸零售
601939.SH,建设银行,银行
601949.SH,中国出版,传媒
601952.SH,苏垦农发,农林牧渔
601956.SH,东贝集团,家用电器
601958.SH,金钼股份,有色金属
601963.SH,重庆银行,银行
601965.SH,中国汽研,汽车
601966.SH,玲珑轮胎,汽车
601968.SH,宝钢包装,轻工制造
601969.SH,海南矿业,钢铁
601975.SH,招商南油,交通运输
601985.SH,中国核电,公用事业
601988.SH,中国银行,银行
601990.SH,南京证券,非银金融
601991.SH,大唐发电,公用事业
601992.SH,金隅集团,建筑材料
601995.SH,中金公司,非银金融
601996.SH,丰林集团,轻工制造
601997.SH,贵阳银行,银行
601998.SH,中信银行,银行
601999.SH,出版传媒,传媒
603000.SH,人民网,传媒
603001.SH,奥康国际,纺织服饰
603002.SH,宏昌电子,电子
603004.SH,鼎龙科技,基础化工
603005.SH,晶方科技,电子
603006.SH,联明股份,汽车
603007.SH,顺景科技,汽车
603008.SH,ST喜临门,轻工制造
603009.SH,北特科技,汽车
603010.SH,万盛股份,基础化工
603011.SH,合锻智能,机械设备
603012.SH,创力集团,机械设备
603013.SH,亚普股份,汽车
603014.SH,威高血净,医药生物
603015.SH,弘讯科技,机械设备
603016.SH,新宏泰,电力设备
603017.SH,中衡设计,建筑装饰
603018.SH,华设集团,建筑装饰
603019.SH,中科曙光,计算机
603020.SH,爱普股份,基础化工
603021.SH,*ST华鹏,轻工制造
603022.SH,新通联,轻工制造
603023.SH,威帝股份,汽车
603025.SH,大豪科技,机械设备
603026.SH,石大胜华,电力设备
603027.SH,千禾味业,食品饮料
603028.SH,赛福天,机械设备
603029.SH,天鹅股份,机械设备
603030.SH,全筑股份,建筑装饰
603031.SH,安孚科技,电力设备
603032.SH,德新科技,电力设备
603033.SH,三维股份,基础化工
603035.SH,常熟汽饰,汽车
603036.SH,如通股份,机械设备
603037.SH,凯众股份,汽车
603038.SH,华立股份,建筑材料
603039.SH,泛微网络,计算机
603040.SH,新坐标,汽车
603041.SH,美思德,基础化工
603042.SH,华脉科技,通信
603043.SH,广州酒家,食品饮料
603045.SH,福达合金,有色金属
603048.SH,浙江黎明,汽车
603049.SH,中策橡胶,汽车
603050.SH,科林电气,电力设备
603051.SH,鹿山新材,基础化工
603052.SH,可川科技,电子
603053.SH,成都燃气,公用事业
603055.SH,台华新材,纺织服饰
603056.SH,德邦股份(退市),交通运输
603057.SH,紫燕食品,食品饮料
603058.SH,永吉股份,轻工制造
603059.SH,倍加洁,美容护理
603060.SH,国检集团,社会服务
603061.SH,金海通,电子
603062.SH,麦加芯彩,基础化工
603063.SH,禾望电气,电力设备
603065.SH,宿迁联盛,基础化工
603066.SH,音飞储存,交通运输
603067.SH,振华股份,基础化工
603068.SH,博通集成,电子
603069.SH,海汽集团,交通运输
603070.SH,万控智造,电力设备
603071.SH,物产环能,公用事业
603072.SH,天和磁材,有色金属
603073.SH,彩蝶实业,基础化工
603075.SH,热威股份,家用电器
603076.SH,乐惠国际,机械设备
603077.SH,和邦生物,基础化工
603078.SH,江化微,电子
603079.SH,圣达生物,基础化工
603080.SH,新疆火炬,公用事业
603081.SH,大丰实业,机械设备
603082.SH,北自科技,机械设备
603083.SH,剑桥科技,通信
603085.SH,天成自控,汽车
603086.SH,先达股份,基础化工
603087.SH,甘李药业,医药生物
603088.SH,宁波精达,机械设备
603089.SH,正裕工业,汽车
603090.SH,宏盛股份,机械设备
603091.SH,众鑫股份,轻工制造
603092.SH,德力佳,电力设备
603093.SH,南华期货,非银金融
603095.SH,越剑智能,机械设备
603096.SH,新经典,传媒
603097.SH,江苏华辰,电力设备
603098.SH,森特股份,建筑装饰
603099.SH,长白山,社会服务
603100.SH,川仪股份,机械设备
603101.SH,汇嘉时代,商贸零售
603102.SH,百合股份,食品饮料
603103.SH,横店影视,传媒
603105.SH,芯能科技,公用事业
603106.SH,恒银科技,计算机
603107.SH,上海汽配,汽车
603108.SH,润达医疗,医药生物
603109.SH,神驰机电,汽车
603110.SH,东方材料,基础化工
603111.SH,康尼机电,机械设备
603112.SH,华翔股份,家用电器
603113.SH,金能科技,基础化工
603115.SH,海星股份,电子
603116.SH,红蜻蜓,纺织服饰
603117.SH,万林物流,交通运输
603118.SH,共进股份,通信
603119.SH,浙江荣泰,汽车
603120.SH,肯特催化,基础化工
603121.SH,华培动力,汽车
603122.SH,合富中国,医药生物
603123.SH,翠微股份,商贸零售
603124.SH,江南新材,有色金属
603125.SH,常青科技,基础化工
603126.SH,中材节能,环保
603127.SH,昭衍新药,医药生物
603128.SH,华贸物流,交通运输
603129.SH,春风动力,汽车
603130.SH,云中马,纺织服饰
603131.SH,上海沪工,机械设备
603132.SH,金徽股份,有色金属
603135.SH,中重科技,机械设备
603136.SH,天目湖,社会服务
603137.SH,恒尚节能,建筑装饰
603138.SH,海量数据,计算机
603139.SH,康惠股份,医药生物
603150.SH,万朗磁塑,基础化工
603151.SH,邦基科技,农林牧渔
603153.SH,上海建科,建筑装饰
603155.SH,新亚强,基础化工
603156.SH,养元饮品,食品饮料
603158.SH,腾龙股份,汽车
603159.SH,上海亚虹,机械设备
603160.SH,汇顶科技,电子
603161.SH,科华控股,汽车
603162.SH,海通发展,交通运输
603163.SH,圣晖集成,建筑装饰
603165.SH,荣晟环保,轻工制造
603166.SH,福达股份,汽车
603167.SH,渤海轮渡,交通运输
603168.SH,莎普爱思,医药生物
603169.SH,兰石重装,机械设备
603170.SH,宝立食品,食品饮料
603171.SH,税友股份,计算机
603172.SH,万丰股份,基础化工
603173.SH,福斯达,机械设备
603175.SH,超颖电子,电子
603176.SH,汇通集团,建筑装饰
603177.SH,德创环保,环保
603178.SH,圣龙股份,汽车
603179.SH,新泉股份,汽车
603180.SH,金牌家居,轻工制造
603181.SH,皇马科技,基础化工
603182.SH,嘉华股份,农林牧渔
603183.SH,建研院,社会服务
603185.SH,弘元绿能,电力设备
603186.SH,华正新材,电子
603187.SH,海容冷链,机械设备
603188.SH,亚邦股份,基础化工
603189.SH,*ST网达,计算机
603190.SH,亚通精工,汽车
603191.SH,望变电气,电力设备
603192.SH,汇得科技,基础化工
603193.SH,润本股份,美容护理
603194.SH,中力股份,机械设备
603195.SH,公牛集团,轻工制造
603196.SH,璞源材料,纺织服饰
603197.SH,保隆科技,汽车
603198.SH,迎驾贡酒,食品饮料
603199.SH,九华旅游,社会服务
603200.SH,上海洗霸,环保
603201.SH,常润股份,汽车
603202.SH,天有为,汽车
603203.SH,快克智能,机械设备
603205.SH,健尔康,医药生物
603206.SH,嘉环科技,通信
603207.SH,小方制药,医药生物
603208.SH,江山欧派,轻工制造
603209.SH,兴通股份,交通运输
603210.SH,泰鸿万立,汽车
603211.SH,晋拓股份,汽车
603212.SH,赛伍技术,电力设备
603213.SH,镇洋发展,基础化工
603214.SH,爱婴室,商贸零售
603215.SH,比依股份,家用电器
603216.SH,梦天家居,轻工制造
603217.SH,元利科技,基础化工
603218.SH,日月股份,电力设备
603219.SH,富佳股份,家用电器
603220.SH,中贝通信,通信
603221.SH,爱丽家居,轻工制造
603222.SH,济民健康,医药生物
603223.SH,恒通股份,石油石化
603225.SH,新凤鸣,基础化工
603226.SH,菲林格尔,轻工制造
603227.SH,雪峰科技,基础化工
603228.SH,景旺电子,电子
603229.SH,奥翔药业,医药生物
603230.SH,内蒙新华,传媒
603231.SH,索宝蛋白,农林牧渔
603232.SH,格尔软件,计算机
603233.SH,大参林,医药生物
603235.SH,天新药业,基础化工
603236.SH,移远通信,通信
603237.SH,五芳斋,食品饮料
603238.SH,诺邦股份,纺织服饰
603239.SH,浙江仙通,汽车
603248.SH,锡华科技,电力设备
603255.SH,鼎际得,基础化工
603256.SH,宏和科技,建筑材料
603257.SH,中国瑞林,建筑装饰
603258.SH,电魂网络,传媒
603259.SH,药明康德,医药生物
603260.SH,合盛硅业,基础化工
603261.SH,立航科技,国防军工
603262.SH,技源集团,食品饮料
603266.SH,天龙股份,汽车
603267.SH,鸿远电子,国防军工
603268.SH,松发股份,国防军工
603269.SH,海鸥股份,机械设备
603270.SH,金帝股份,机械设备
603271.SH,永杰新材,有色金属
603272.SH,*ST联翔,轻工制造
603273.SH,天元智能,机械设备
603275.SH,众辰科技,机械设备
603276.SH,恒兴新材,基础化工
603277.SH,银都股份,机械设备
603278.SH,大业股份,机械设备
603279.SH,景津装备,机械设备
603280.SH,南方路机,机械设备
603281.SH,江瀚新材,基础化工
603282.SH,亚光股份,环保
603283.SH,赛腾股份,机械设备
603284.SH,林平发展,轻工制造
603285.SH,键邦股份,基础化工
603286.SH,日盈电子,汽车
603288.SH,海天味业,食品饮料
603289.SH,泰瑞机器,机械设备
603290.SH,斯达半导,电子
603291.SH,联合水务,环保
603293.SH,埃泰克,汽车
603296.SH,华勤技术,电子
603297.SH,永新光学,电子
603298.SH,杭叉集团,机械设备
603299.SH,苏盐井神,基础化工
603300.SH,海南华铁,非银金融
603301.SH,振德医疗,医药生物
603303.SH,得邦照明,家用电器
603305.SH,旭升集团,汽车
603306.SH,华懋科技,汽车
603307.SH,扬州金泉,纺织服饰
603308.SH,应流股份,机械设备
603309.SH,维力医疗,医药生物
603310.SH,巍华新材,基础化工
603311.SH,金海高科,家用电器
603312.SH,西典新能,电力设备
603313.SH,梦百合,轻工制造
603315.SH,福鞍股份,环保
603316.SH,诚邦股份,电子
603317.SH,天味食品,食品饮料
603318.SH,水发燃气,公用事业
603319.SH,美湖股份,汽车
603320.SH,迪贝电气,电力设备
603321.SH,梅轮电梯,机械设备
603322.SH,超讯科技,通信
603323.SH,苏农银行,银行
603324.SH,盛剑科技,环保
603325.SH,博隆技术,机械设备
603326.SH,我乐家居,轻工制造
603327.SH,福蓉科技,电子
603328.SH,依顿电子,电子
603329.SH,上海雅仕,交通运输
603330.SH,天洋新材,基础化工
603331.SH,百达精工,机械设备
603332.SH,苏州龙杰,基础化工
603333.SH,福华尚纬,电力设备
603334.SH,丰倍生物,基础化工
603335.SH,迪生力,汽车
603336.SH,宏辉果蔬,农林牧渔
603337.SH,杰克科技,机械设备
603338.SH,浙江鼎力,机械设备
603339.SH,四方科技,机械设备
603341.SH,龙旗科技,电子
603344.SH,星德胜,电力设备
603345.SH,安井食品,食品饮料
603348.SH,文灿股份,汽车
603350.SH,安乃达,电力设备
603351.SH,威尔药业,医药生物
603352.SH,至信股份,汽车
603353.SH,和顺石油,石油石化
603355.SH,莱克电气,家用电器
603356.SH,华菱精工,机械设备
603357.SH,设计总院,建筑装饰
603358.SH,华达科技,汽车
603359.SH,*ST东珠,建筑装饰
603360.SH,百傲化学,基础化工
603363.SH,傲农生物,农林牧渔
603365.SH,水星家纺,纺织服饰
603366.SH,日出东方,家用电器
603367.SH,辰欣药业,医药生物
603368.SH,柳药集团,医药生物
603369.SH,今世缘,食品饮料
603370.SH,华新精科,电力设备
603373.SH,安邦护卫,社会服务
603375.SH,盛景微,电子
603376.SH,大明电子,汽车
603377.SH,ST东时,社会服务
603378.SH,*ST亚士,建筑材料
603379.SH,三美股份,基础化工
603380.SH,易德龙,电子
603381.SH,永臻股份,电力设备
603382.SH,海阳科技,基础化工
603383.SH,顶点软件,计算机
603385.SH,惠达卫浴,轻工制造
603386.SH,骏亚科技,电子
603387.SH,基蛋生物,医药生物
603388.SH,*ST元成(退市),建筑装饰
603389.SH,亚振家居,轻工制造
603390.SH,通达电气,汽车
603391.SH,力聚热能,机械设备
603392.SH,万泰生物,医药生物
603393.SH,新天然气,公用事业
603395.SH,红四方,基础化工
603396.SH,金辰股份,电力设备
603398.SH,*ST沐邦,电力设备
603399.SH,永杉锂业,有色金属
603400.SH,华之杰,机械设备
603402.SH,陕西旅游,社会服务
603406.SH,天富龙,基础化工
603407.SH,长裕集团,有色金属
603408.SH,建霖家居,轻工制造
603409.SH,汇通控股,汽车
603416.SH,信捷电气,机械设备
603418.SH,友升股份,汽车
603421.SH,鼎信通讯,通信
603429.SH,*ST集友,轻工制造
603435.SH,嘉德利,基础化工
603439.SH,三力制药,医药生物
603444.SH,吉比特,传媒
603448.SH,天博智能,汽车
603456.SH,九洲药业,医药生物
603458.SH,勘设股份,建筑装饰
603459.SH,红板科技,电子
603466.SH,风语筑,传媒
603468.SH,津富士达,汽车
603477.SH,巨星农牧,农林牧渔
603486.SH,科沃斯,家用电器
603488.SH,展鹏科技,机械设备
603489.SH,八方股份,电力设备
603496.SH,恒为科技,计算机
603499.SH,翔港科技,轻工制造
603500.SH,祥和实业,机械设备
603501.SH,豪威集团,电子
603505.SH,金石资源,基础化工
603506.SH,南都物业,房地产
603507.SH,振江股份,电力设备
603508.SH,思维列控,计算机
603511.SH,爱慕股份,纺织服饰
603515.SH,欧普照明,家用电器
603516.SH,淳中科技,计算机
603517.SH,ST绝味,食品饮料
603518.SH,锦泓集团,纺织服饰
603519.SH,立霸股份,家用电器
603520.SH,司太立,医药生物
603527.SH,众源新材,有色金属
603528.SH,多伦科技,计算机
603529.SH,爱玛科技,汽车
603530.SH,神马电力,电力设备
603533.SH,掌阅科技,传媒
603535.SH,嘉诚国际,交通运输
603536.SH,惠发食品,食品饮料
603538.SH,美诺华,医药生物
603551.SH,奥普科技,家用电器
603556.SH,海兴电力,电力设备
603557.SH,*ST起步,纺织服饰
603558.SH,健盛集团,纺织服饰
603559.SH,中通国脉,通信
603565.SH,中谷物流,交通运输
603566.SH,普莱柯,农林牧渔
603567.SH,珍宝岛,医药生物
603568.SH,伟明环保,环保
603569.SH,长久物流,交通运输
603577.SH,汇金通,电力设备
603578.SH,三星新材,家用电器
603579.SH,荣泰健康,家用电器
603580.SH,艾艾精工,基础化工
603583.SH,捷昌驱动,机械设备
603585.SH,苏利股份,基础化工
603586.SH,金麒麟,汽车
603587.SH,地素时尚,纺织服饰
603588.SH,高能环境,环保
603589.SH,口子窖,食品饮料
603590.SH,康辰药业,医药生物
603595.SH,ST东尼,电子
603596.SH,伯特利,汽车
603598.SH,引力传媒,传媒
603599.SH,广信股份,基础化工
603600.SH,永艺股份,轻工制造
603601.SH,再升科技,建筑材料
603602.SH,纵横通信,传媒
603605.SH,珀莱雅,美容护理
603606.SH,东方电缆,电力设备
603607.SH,京华激光,轻工制造
603608.SH,天创时尚,纺织服饰
603609.SH,禾丰股份,农林牧渔
603610.SH,麒盛科技,轻工制造
603611.SH,诺力股份,机械设备
603612.SH,索通发展,基础化工
603613.SH,国联股份,商贸零售
603615.SH,茶花股份,轻工制造
603616.SH,韩建河山,建筑材料
603617.SH,君禾股份,机械设备
603618.SH,杭电股份,电力设备
603619.SH,中曼石油,石油石化
603626.SH,科森科技,电子
603628.SH,清源股份,电力设备
603629.SH,利通电子,电子
603630.SH,拉芳家化,美容护理
603633.SH,徕木股份,电子
603636.SH,南威软件,计算机
603637.SH,镇海股份,建筑装饰
603638.SH,艾迪精密,机械设备
603639.SH,海利尔,基础化工
603648.SH,畅联股份,交通运输
603650.SH,彤程新材,基础化工
603655.SH,朗博科技,汽车
603656.SH,泰禾智能,机械设备
603657.SH,春光科技,家用电器
603658.SH,安图生物,医药生物
603659.SH,璞泰来,电力设备
603660.SH,苏州科达,计算机
603661.SH,恒林股份,轻工制造
603662.SH,柯力传感,机械设备
603663.SH,三祥新材,基础化工
603665.SH,康隆达,纺织服饰
603666.SH,亿嘉和,机械设备
603667.SH,五洲新春,机械设备
603668.SH,天马科技,农林牧渔
603669.SH,灵康药业,医药生物
603676.SH,卫信康,医药生物
603677.SH,奇精机械,家用电器
603678.SH,火炬电子,国防军工
603679.SH,华体科技,电子
603680.SH,今创集团,机械设备
603681.SH,永冠新材,基础化工
603682.SH,锦和商管,商贸零售
603683.SH,晶华新材,基础化工
603685.SH,晨丰科技,电子
603686.SH,福龙马,环保
603687.SH,大胜达,轻工制造
603688.SH,石英股份,基础化工
603689.SH,皖天然气,公用事业
603690.SH,至纯科技,电子
603693.SH,江苏新能,公用事业
603696.SH,安记食品,食品饮料
603697.SH,有友食品,食品饮料
603698.SH,航天工程,机械设备
603699.SH,纽威股份,机械设备
603700.SH,宁水集团,机械设备
603701.SH,德宏股份,汽车
603703.SH,盛洋科技,电子
603706.SH,东方环宇,公用事业
603707.SH,健友股份,医药生物
603708.SH,家家悦,商贸零售
603709.SH,中源家居,轻工制造
603711.SH,香飘飘,食品饮料
603712.SH,七一二,国防军工
603713.SH,密尔克卫,交通运输
603716.SH,塞力医疗,医药生物
603717.SH,天域生物,农林牧渔
603718.SH,*ST海利,医药生物
603719.SH,良品铺子,食品饮料
603721.SH,中广天择,传媒
603722.SH,阿科力,基础化工
603725.SH,天安新材,轻工制造
603726.SH,朗迪集团,家用电器
603727.SH,博迈科,石油石化
603728.SH,鸣志电器,电力设备
603729.SH,ST龙韵,传媒
603730.SH,岱美股份,汽车
603733.SH,仙鹤股份,轻工制造
603737.SH,三棵树,建筑材料
603738.SH,泰晶科技,电子
603739.SH,蔚蓝生物,基础化工
603755.SH,日辰股份,食品饮料
603757.SH,大元泵业,机械设备
603758.SH,秦安股份,汽车
603759.SH,海天股份,环保
603766.SH,隆鑫通用,汽车
603767.SH,中马传动,汽车
603768.SH,常青股份,汽车
603773.SH,沃格光电,电子
603776.SH,永安行,汽车
603777.SH,来伊份,食品饮料
603778.SH,国晟科技,电力设备
603779.SH,威龙股份,食品饮料
603786.SH,科博达,汽车
603787.SH,新日股份,汽车
603788.SH,宁波高发,汽车
603789.SH,ST星农,机械设备
603790.SH,雅运股份,基础化工
603797.SH,联泰环保,环保
603798.SH,康普顿,石油石化
603799.SH,华友钴业,有色金属
603800.SH,洪田股份,机械设备
603801.SH,志邦家居,轻工制造
603803.SH,瑞斯康达,通信
603806.SH,福斯特,电力设备
603808.SH,歌力思,纺织服饰
603809.SH,豪能股份,汽车
603810.SH,丰山集团,基础化工
603811.SH,诚意药业,医药生物
603813.SH,原尚股份,交通运输
603815.SH,交建股份,建筑装饰
603816.SH,顾家家居,轻工制造
603817.SH,海峡环保,环保
603818.SH,曲美家居,轻工制造
603819.SH,神力股份,电力设备
603822.SH,ST嘉澳,基础化工
603823.SH,百合花,基础化工
603825.SH,ST华扬,传媒
603826.SH,坤彩科技,基础化工
603828.SH,*ST利达,建筑装饰
603829.SH,洛凯股份,电力设备
603833.SH,欧派家居,轻工制造
603836.SH,海程邦达,交通运输
603838.SH,*ST四通,轻工制造
603839.SH,安正时尚,纺织服饰
603843.SH,*ST正平,建筑装饰
603848.SH,好太太,轻工制造
603855.SH,华荣股份,机械设备
603856.SH,东宏股份,建筑材料
603858.SH,步长制药,医药生物
603859.SH,能科科技,计算机
603860.SH,中公高科,建筑装饰
603861.SH,白云电器,电力设备
603863.SH,松炀资源,轻工制造
603866.SH,桃李面包,食品饮料
603867.SH,新化股份,基础化工
603868.SH,飞科电器,家用电器
603869.SH,ST智知,计算机
603871.SH,嘉友国际,交通运输
603876.SH,鼎胜新材,有色金属
603877.SH,太平鸟,纺织服饰
603878.SH,武进不锈,钢铁
603879.SH,永悦科技,基础化工
603880.SH,南卫股份,医药生物
603881.SH,数据港,通信
603882.SH,金域医学,医药生物
603883.SH,老百姓,医药生物
603885.SH,吉祥航空,交通运输
603886.SH,元祖股份,食品饮料
603887.SH,城地香江,计算机
603888.SH,新华网,传媒
603889.SH,新澳股份,纺织服饰
603890.SH,春秋电子,电子
603893.SH,瑞芯微,电子
603895.SH,天永智能,机械设备
603896.SH,寿仙谷,医药生物
603897.SH,长城科技,电力设备
603898.SH,好莱客,轻工制造
603899.SH,晨光股份,轻工制造
603900.SH,莱绅通灵,纺织服饰
603901.SH,永创智能,机械设备
603903.SH,中持股份,环保
603906.SH,龙蟠科技,电力设备
603908.SH,牧高笛,纺织服饰
603909.SH,建发合诚,建筑装饰
603912.SH,佳力图,机械设备
603915.SH,国茂股份,机械设备
603916.SH,苏博特,基础化工
603917.SH,合力科技,汽车
603918.SH,金桥信息,计算机
603919.SH,金徽酒,食品饮料
603920.SH,世运电路,电子
603922.SH,ST金鸿顺,汽车
603926.SH,铁流股份,汽车
603927.SH,中科软,计算机
603928.SH,兴业股份,基础化工
603929.SH,亚翔集成,建筑装饰
603931.SH,格林达,电子
603933.SH,睿能科技,电子
603936.SH,博敏电子,电子
603937.SH,丽岛新材,有色金属
603938.SH,三孚股份,基础化工
603939.SH,益丰药房,医药生物
603948.SH,建业股份,基础化工
603949.SH,雪龙集团,汽车
603950.SH,长源东谷,汽车
603955.SH,大千生态,建筑装饰
603956.SH,威派格,机械设备
603958.SH,哈森股份,纺织服饰
603959.SH,ST百利,建筑装饰
603960.SH,克来机电,汽车
603966.SH,法兰泰克,机械设备
603967.SH,中创物流,交通运输
603968.SH,醋化股份,基础化工
603969.SH,银龙股份,机械设备
603970.SH,中农立华,基础化工
603976.SH,正川股份,医药生物
603977.SH,国泰集团,基础化工
603978.SH,深圳新星,有色金属
603979.SH,金诚信,有色金属
603980.SH,吉华集团,基础化工
603982.SH,泉峰汽车,汽车
603983.SH,丸美生物,美容护理
603985.SH,恒润股份,电力设备
603986.SH,兆易创新,电子
603987.SH,康德莱,医药生物
603988.SH,中电电机,电力设备
603989.SH,艾华集团,电子
603990.SH,麦迪科技,计算机
603991.SH,领先股份,电子
603992.SH,松霖科技,轻工制造
603993.SH,洛阳钼业,有色金属
603995.SH,甬金股份,钢铁
603997.SH,继峰股份,汽车
603998.SH,方盛制药,医药生物
603999.SH,读者传媒,传媒
605001.SH,威奥股份,机械设备
605003.SH,众望布艺,纺织服饰
605005.SH,合兴股份,汽车
605006.SH,山东玻纤,建筑材料
605007.SH,五洲特纸,轻工制造
605008.SH,长鸿高科,基础化工
605009.SH,豪悦护理,美容护理
605011.SH,杭州热电,公用事业
605016.SH,百龙创园,基础化工
605018.SH,长华集团,汽车
605020.SH,永和股份,基础化工
605028.SH,世茂能源,公用事业
605033.SH,美邦股份,基础化工
605050.SH,福然德,交通运输
605055.SH,迎丰股份,纺织服饰
605056.SH,咸亨国际,机械设备
605058.SH,澳弘电子,电子
605060.SH,联德股份,机械设备
605066.SH,天正电气,电力设备
605068.SH,明新旭腾,汽车
605069.SH,正和生态,环保
605077.SH,华康股份,基础化工
605080.SH,浙江自然,轻工制造
605081.SH,退市太和(退市),环保
605086.SH,龙高股份,基础化工
605088.SH,冠盛股份,汽车
605089.SH,味知香,食品饮料
605090.SH,九丰能源,公用事业
605098.SH,行动教育,社会服务
605099.SH,共创草坪,轻工制造
605100.SH,华丰股份,机械设备
605108.SH,同庆楼,社会服务
605111.SH,新洁能,电子
605116.SH,奥锐特,医药生物
605117.SH,德业股份,电力设备
605118.SH,力鼎光电,计算机
605122.SH,四方新材,建筑材料
605123.SH,派克新材,国防军工
605128.SH,上海沿浦,汽车
605133.SH,嵘泰股份,汽车
605136.SH,丽人丽妆,商贸零售
605138.SH,盛泰集团,纺织服饰
605151.SH,西上海,汽车
605155.SH,西大门,轻工制造
605158.SH,华达新材,有色金属
605162.SH,新中港,公用事业
605166.SH,聚合顺,基础化工
605167.SH,利柏特,建筑装饰
605168.SH,三人行,传媒
605169.SH,洪通燃气,公用事业
605177.SH,东亚药业,医药生物
605178.SH,时空科技,建筑装饰
605179.SH,一鸣食品,食品饮料
605180.SH,华生科技,纺织服饰
605183.SH,确成股份,基础化工
605186.SH,健麾信息,机械设备
605188.SH,国光连锁,商贸零售
605189.SH,富春染织,纺织服饰
605196.SH,华通线缆,电力设备
605198.SH,安德利,农林牧渔
605199.SH,ST葫芦娃,医药生物
605208.SH,永茂泰,有色金属
605218.SH,伟时电子,电子
605222.SH,起帆电缆,电力设备
605228.SH,神通科技,汽车
605255.SH,天普股份,汽车
605258.SH,协和电子,电子
605259.SH,绿田机械,机械设备
605266.SH,健之佳,医药生物
605268.SH,王力安防,轻工制造
605277.SH,新亚电子,电子
605286.SH,同力天启,机械设备
605287.SH,德才股份,建筑装饰
605288.SH,凯迪股份,机械设备
605289.SH,罗曼股份,建筑装饰
605296.SH,神农集团,农林牧渔
605298.SH,必得科技,机械设备
605299.SH,舒华体育,轻工制造
605300.SH,佳禾食品,食品饮料
605303.SH,园林股份,建筑装饰
605305.SH,中际联合,机械设备
605318.SH,法狮龙,建筑材料
605319.SH,无锡振华,汽车
605333.SH,沪光股份,汽车
605336.SH,*ST帅电,家用电器
605337.SH,李子园,食品饮料
605338.SH,巴比食品,食品饮料
605339.SH,南侨食品,食品饮料
605358.SH,立昂微,电子
605365.SH,立达信,家用电器
605366.SH,宏柏新材,基础化工
605368.SH,蓝天燃气,公用事业
605369.SH,拱东医疗,医药生物
605376.SH,博迁新材,有色金属
605377.SH,华旺科技,轻工制造
605378.SH,野马电池,电力设备
605388.SH,均瑶健康,食品饮料
605389.SH,长龄液压,机械设备
605398.SH,新炬网络,计算机
605399.SH,晨光新材,基础化工
605488.SH,福莱新材,基础化工
605499.SH,东鹏饮料,食品饮料
605500.SH,森林包装,轻工制造
605507.SH,国邦医药,医药生物
605555.SH,德昌股份,家用电器
605566.SH,福莱蒽特,基础化工
605567.SH,春雪食品,食品饮料
605577.SH,龙版传媒,传媒
605580.SH,恒盛能源,公用事业
605588.SH,冠石科技,电子
605589.SH,圣泉集团,基础化工
605598.SH,上海港湾,建筑装饰
605599.SH,菜百股份,纺织服饰
688001.SH,华兴源创,机械设备
688002.SH,睿创微纳,电子
688003.SH,天准科技,机械设备
688004.SH,博汇科技,计算机
688005.SH,容百科技,电力设备
688006.SH,杭可科技,电力设备
688007.SH,光峰科技,电子
688008.SH,澜起科技,电子
688009.SH,中国通号,机械设备
688010.SH,福光股份,电子
688011.SH,新光光电,国防军工
688012.SH,中微公司,电子
688013.SH,天臣医疗,医药生物
688015.SH,交控科技,机械设备
688016.SH,心脉医疗,医药生物
688017.SH,绿的谐波,机械设备
688018.SH,乐鑫科技,电子
688019.SH,安集科技,电子
688020.SH,方邦股份,电子
688021.SH,奥福科技,汽车
688022.SH,ST瀚川,机械设备
688023.SH,安恒信息,计算机
688025.SH,杰普特,机械设备
688026.SH,洁特生物,医药生物
688027.SH,国盾量子,通信
688028.SH,沃尔德,机械设备
688029.SH,南微医学,医药生物
688030.SH,山石网科,计算机
688031.SH,星环科技-U,计算机
688032.SH,禾迈股份,电力设备
688033.SH,*ST天宜,机械设备
688035.SH,德邦科技,电子
688036.SH,传音控股,电子
688037.SH,芯源微,电子
688038.SH,中科通达,计算机
688039.SH,当虹科技,计算机
688041.SH,海光信息,电子
688045.SH,必易微,电子
688046.SH,药康生物,医药生物
688047.SH,龙芯中科,电子
688048.SH,长光华芯,电子
688049.SH,炬芯科技,电子
688050.SH,爱博医疗,医药生物
688051.SH,佳华科技,计算机
688052.SH,纳芯微,电子
688053.SH,ST思科瑞,国防军工
688055.SH,龙腾光电,电子
688056.SH,莱伯泰科,机械设备
688057.SH,金达莱,环保
688058.SH,宝兰德,计算机
688059.SH,华锐精密,机械设备
688060.SH,云涌科技,计算机
688061.SH,灿瑞科技,电子
688062.SH,迈威生物-U,医药生物
688063.SH,派能科技,电力设备
688065.SH,凯赛生物,基础化工
688066.SH,*ST航图,计算机
688067.SH,爱威科技,医药生物
688068.SH,热景生物,医药生物
688069.SH,德林海,环保
688070.SH,纵横股份,国防军工
688071.SH,华依科技,机械设备
688072.SH,拓荆科技,电子
688073.SH,毕得医药,医药生物
688075.SH,安旭生物,医药生物
688076.SH,ST诺泰,医药生物
688077.SH,大地熊,有色金属
688078.SH,龙软科技,计算机
688079.SH,美迪凯,电子
688080.SH,映翰通,通信
688081.SH,兴图新科,国防军工
688082.SH,盛美上海,电子
688083.SH,中望软件,计算机
688084.SH,晶品特装,国防军工
688085.SH,三友医疗,医药生物
688087.SH,英科再生,轻工制造
688088.SH,虹软科技,计算机
688089.SH,ST嘉必优,基础化工
688090.SH,瑞松科技,机械设备
688091.SH,上海谊众,医药生物
688092.SH,爱科科技,机械设备
688093.SH,世华科技,电子
688095.SH,福昕软件,计算机
688096.SH,京源环保,环保
688097.SH,博众精工,机械设备
688098.SH,申联生物,农林牧渔
688099.SH,晶晨股份,电子
688100.SH,威胜信息,通信
688101.SH,三达膜,环保
688102.SH,斯瑞新材,有色金属
688103.SH,国力电子,电子
688105.SH,诺唯赞,医药生物
688106.SH,金宏气体,电子
688107.SH,安路科技,电子
688108.SH,赛诺医疗,医药生物
688109.SH,品茗科技,计算机
688110.SH,东芯股份,电子
688111.SH,金山办公,计算机
688112.SH,鼎阳科技,机械设备
688113.SH,联测科技,机械设备
688114.SH,华大智造,医药生物
688115.SH,思林杰,机械设备
688116.SH,天奈科技,电力设备
688117.SH,圣诺生物,医药生物
688118.SH,普元信息,计算机
688119.SH,中钢洛耐,建筑材料
688120.SH,华海清科,电子
688121.SH,*ST卓然,机械设备
688122.SH,西部超导,国防军工
688123.SH,聚辰股份,电子
688125.SH,安达智能,机械设备
688126.SH,沪硅产业,电子
688127.SH,蓝特光学,电子
688128.SH,中国电研,机械设备
688129.SH,东来技术,基础化工
688130.SH,晶华微,电子
688131.SH,皓元医药,医药生物
688132.SH,邦彦技术,国防军工
688133.SH,泰坦科技,基础化工
688135.SH,利扬芯片,电子
688136.SH,科兴制药,医药生物
688137.SH,近岸蛋白,医药生物
688138.SH,清溢光电,电子
688139.SH,海尔生物,医药生物
688141.SH,杰华特,电子
688143.SH,长盈通,通信
688146.SH,中船特气,电子
688147.SH,微导纳米,电力设备
688148.SH,芳源股份,电力设备
688150.SH,莱特光电,电子
688151.SH,华强科技,医药生物
688152.SH,麒麟信安,计算机
688153.SH,唯捷创芯,电子
688155.SH,先惠技术,电力设备
688156.SH,路德科技,农林牧渔
688157.SH,松井股份,基础化工
688158.SH,优刻得-W,计算机
688159.SH,有方科技,通信
688160.SH,步科股份,机械设备
688161.SH,威高骨科,医药生物
688162.SH,巨一科技,机械设备
688163.SH,赛伦生物,医药生物
688165.SH,埃夫特-U,机械设备
688166.SH,博瑞医药,医药生物
688167.SH,炬光科技,电子
688168.SH,安博通,计算机
688169.SH,石头科技,家用电器
688170.SH,德龙激光,机械设备
688171.SH,纬德信息,计算机
688172.SH,燕东微,电子
688173.SH,希荻微,电子
688175.SH,高凌信息,国防军工
688176.SH,亚虹医药-U,医药生物
688177.SH,百奥泰,医药生物
688178.SH,万德斯,环保
688179.SH,阿拉丁,基础化工
688180.SH,君实生物-U,医药生物
688181.SH,八亿时空,电子
688182.SH,灿勤科技,通信
688183.SH,生益电子,电子
688184.SH,ST帕瓦,电力设备
688185.SH,康希诺,医药生物
688186.SH,广大特材,电力设备
688187.SH,时代电气,机械设备
688188.SH,柏楚电子,计算机
688189.SH,ST南新,医药生物
688190.SH,云路股份,有色金属
688191.SH,智洋创新,电力设备
688192.SH,迪哲医药-U,医药生物
688193.SH,仁度生物,医药生物
688195.SH,腾景科技,电子
688196.SH,卓越新能,基础化工
688197.SH,首药控股-U,医药生物
688198.SH,佰仁医疗,医药生物
688199.SH,久日新材,基础化工
688200.SH,华峰测控,电子
688201.SH,ST信安,计算机
688202.SH,美迪西,医药生物
688203.SH,海正生材,基础化工
688205.SH,德科立,通信
688206.SH,概伦电子,计算机
688207.SH,格灵深瞳,计算机
688208.SH,道通科技,计算机
688209.SH,英集芯,电子
688210.SH,统联精密,电子
688211.SH,中科微至,机械设备
688212.SH,澳华内镜,医药生物
688213.SH,思特威-W,电子
688215.SH,瑞晟智能,机械设备
688216.SH,气派科技,电子
688217.SH,睿昂基因,医药生物
688218.SH,江苏北人,机械设备
688219.SH,会通股份,基础化工
688220.SH,翱捷科技-U,电子
688221.SH,前沿生物-U,医药生物
688222.SH,成都先导,医药生物
688223.SH,晶科能源,电力设备
688225.SH,亚信安全,计算机
688226.SH,威腾电气,电力设备
688227.SH,品高股份,计算机
688228.SH,开普云,计算机
688229.SH,博睿数据,计算机
688230.SH,芯导科技,电子
688231.SH,隆达股份,有色金属
688232.SH,新点软件,计算机
688233.SH,神工股份,电子
688234.SH,天岳先进,电子
688235.SH,百济神州,医药生物
688236.SH,春立医疗,医药生物
688237.SH,超卓航科,国防军工
688238.SH,和元生物,医药生物
688239.SH,航宇科技,国防军工
688244.SH,永信至诚,计算机
688246.SH,嘉和美康,计算机
688247.SH,宣泰医药,医药生物
688248.SH,南网科技,电力设备
688249.SH,晶合集成,电子
688251.SH,井松智能,计算机
688252.SH,天德钰,电子
688253.SH,英诺特,医药生物
688255.SH,凯尔达,机械设备
688256.SH,寒武纪,电子
688257.SH,新锐股份,机械设备
688258.SH,卓易信息,计算机
688259.SH,创耀科技,电子
688260.SH,昀冢科技,电子
688261.SH,东微半导,电子
688262.SH,国芯科技,电子
688265.SH,南模生物,医药生物
688266.SH,泽璟制药-U,医药生物
688267.SH,中触媒,基础化工
688268.SH,华特气体,电子
688269.SH,凯立新材,基础化工
688270.SH,ST臻镭,电子
688271.SH,联影医疗,医药生物
688272.SH,富吉瑞,国防军工
688273.SH,麦澜德,医药生物
688275.SH,万润新能,电力设备
688276.SH,百克生物,医药生物
688277.SH,天智航-U,医药生物
688278.SH,特宝生物,医药生物
688279.SH,峰岹科技,电子
688280.SH,精进电动-W,汽车
688281.SH,华秦科技,国防军工
688282.SH,理工导航,国防军工
688283.SH,坤恒顺维,通信
688285.SH,高铁电气,机械设备
688286.SH,敏芯股份,电子
688287.SH,退市观典(退市),国防军工
688288.SH,鸿泉技术,计算机
688289.SH,圣湘生物,医药生物
688290.SH,景业智能,机械设备
688291.SH,金橙子,计算机
688292.SH,浩瀚深度,计算机
688293.SH,奥浦迈,医药生物
688295.SH,中复神鹰,基础化工
688296.SH,和达科技,计算机
688297.SH,中无人机,国防军工
688298.SH,东方生物,医药生物
688299.SH,长阳科技,电子
688300.SH,联瑞新材,基础化工
688301.SH,奕瑞科技,医药生物
688302.SH,海创药业-U,医药生物
688303.SH,大全能源,电力设备
688305.SH,科德数控,机械设备
688306.SH,均普智能,机械设备
688307.SH,中润光学,电子
688308.SH,欧科亿,机械设备
688309.SH,恒誉科技,环保
688310.SH,迈得医疗,机械设备
688311.SH,盟升电子,国防军工
688312.SH,燕麦科技,机械设备
688313.SH,仕佳光子,通信
688314.SH,康拓医疗,医药生物
688315.SH,诺禾致源,医药生物
688316.SH,青云科技-U,计算机
688317.SH,之江生物,医药生物
688318.SH,财富趋势,计算机
688319.SH,欧林生物,医药生物
688320.SH,禾川科技,机械设备
688321.SH,微芯生物,医药生物
688322.SH,奥比中光-W,电子
688323.SH,瑞华泰,基础化工
688325.SH,赛微微电,电子
688326.SH,经纬恒润-W,计算机
688327.SH,云从科技-UW,计算机
688328.SH,深科达,机械设备
688329.SH,艾隆科技,机械设备
688330.SH,宏力达,电力设备
688331.SH,荣昌生物,医药生物
688332.SH,中科蓝讯,电子
688333.SH,铂力特,机械设备
688334.SH,西高院,社会服务
688335.SH,复洁科技,环保
688336.SH,三生国健,医药生物
688337.SH,普源精电,机械设备
688338.SH,赛科希德,医药生物
688339.SH,亿华通-U,电力设备
688343.SH,云天励飞-U,计算机
688345.SH,博力威,电力设备
688347.SH,华虹宏力,电子
688348.SH,昱能科技,电力设备
688349.SH,三一重能,电力设备
688350.SH,富淼科技,基础化工
688351.SH,微电生理,医药生物
688352.SH,颀中科技,电子
688353.SH,华盛锂电,电力设备
688355.SH,明志科技,机械设备
688356.SH,键凯科技,医药生物
688357.SH,建龙微纳,基础化工
688358.SH,祥生医疗,医药生物
688359.SH,三孚新科,电子
688360.SH,德马科技,机械设备
688361.SH,中科飞测,电子
688362.SH,甬矽电子,电子
688363.SH,华熙生物,美容护理
688365.SH,光云科技,计算机
688366.SH,昊海生科,医药生物
688367.SH,工大高科,机械设备
688368.SH,晶丰明源,电子
688369.SH,致远互联,计算机
688370.SH,丛麟科技,环保
688371.SH,菲沃泰,电子
688372.SH,伟测科技,电子
688373.SH,盟科药业-U,医药生物
688375.SH,国博电子,国防军工
688376.SH,美埃科技,环保
688377.SH,迪威尔,机械设备
688378.SH,奥来德,电子
688379.SH,华光新材,机械设备
688380.SH,中微半导,电子
688381.SH,帝奥微,电子
688382.SH,益方生物-U,医药生物
688383.SH,新益昌,机械设备
688385.SH,复旦微电,电子
688386.SH,泛亚微透,基础化工
688387.SH,信科移动-U,通信
688388.SH,嘉元科技,电力设备
688389.SH,普门科技,医药生物
688390.SH,固德威,电力设备
688391.SH,钜泉科技,电子
688392.SH,骄成超声,电力设备
688393.SH,安必平,医药生物
688395.SH,正弦电气,机械设备
688396.SH,华润微,电子
688398.SH,赛特新材,基础化工
688399.SH,硕世生物,医药生物
688400.SH,凌云光,机械设备
688401.SH,路维光电,电子
688403.SH,汇成股份,电子
688408.SH,中信博,电力设备
688409.SH,富创精密,电子
688410.SH,山外山,医药生物
688411.SH,海博思创,电力设备
688416.SH,恒烁股份,电子
688418.SH,震有科技,通信
688419.SH,耐科装备,电子
688420.SH,美腾科技,机械设备
688425.SH,铁建重工,机械设备
688426.SH,康为世纪,医药生物
688428.SH,诺诚健华,医药生物
688429.SH,时创能源,电力设备
688432.SH,有研硅,电子
688433.SH,华曙高科,机械设备
688435.SH,英方软件,计算机
688439.SH,振华风光,国防军工
688443.SH,智翔金泰-U,医药生物
688448.SH,磁谷科技,机械设备
688449.SH,联芸科技,电子
688450.SH,光格科技,电力设备
688455.SH,科捷智能,机械设备
688456.SH,有研粉材,有色金属
688458.SH,美芯晟,电子
688459.SH,哈铁科技,机械设备
688466.SH,金科环境,环保
688468.SH,科美诊断,医药生物
688469.SH,芯联集成-U,电子
688472.SH,阿特斯,电力设备
688475.SH,萤石网络,计算机
688478.SH,晶升股份,电子
688479.SH,友车科技,计算机
688480.SH,赛恩斯,环保
688484.SH,南芯科技,电子
688485.SH,九州一轨,机械设备
688486.SH,龙迅股份,电子
688488.SH,艾迪药业,医药生物
688489.SH,三未信安,计算机
688496.SH,*ST清越,电子
688498.SH,源杰科技,电子
688499.SH,利元亨,电力设备
688500.SH,慧辰股份,计算机
688501.SH,青达环保,环保
688502.SH,茂莱光学,电子
688503.SH,聚和材料,电力设备
688505.SH,复旦张江,医药生物
688506.SH,百利天恒,医药生物
688507.SH,索辰科技,计算机
688508.SH,芯朋微,电子
688509.SH,正元地信,计算机
688510.SH,航亚科技,国防军工
688511.SH,天微电子,国防军工
688512.SH,慧智微-U,电子
688513.SH,苑东生物,医药生物
688515.SH,裕太微-U,电子
688516.SH,奥特维,电力设备
688517.SH,金冠电气,电力设备
688518.SH,联赢激光,机械设备
688519.SH,南亚新材,电子
688520.SH,神州细胞,医药生物
688521.SH,芯原股份,电子
688522.SH,纳睿雷达,国防军工
688523.SH,航天环宇,国防军工
688525.SH,佰维存储,电子
688526.SH,科前生物,农林牧渔
688528.SH,秦川物联,机械设备
688529.SH,豪森智能,机械设备
688530.SH,欧莱新材,电子
688531.SH,日联科技,机械设备
688533.SH,上声电子,汽车
688535.SH,华海诚科,电子
688536.SH,思瑞浦,电子
688538.SH,和辉光电-U,电子
688539.SH,高华科技,电子
688543.SH,国科军工,国防军工
688545.SH,兴福电子,电子
688548.SH,广钢气体,电子
688549.SH,中巨芯-U,电子
688550.SH,瑞联新材,电子
688551.SH,科威尔,电力设备
688552.SH,航天南湖,国防军工
688553.SH,汇宇制药-W,医药生物
688556.SH,高测股份,电力设备
688557.SH,兰剑智能,机械设备
688558.SH,国盛智科,机械设备
688559.SH,海目星,机械设备
688560.SH,明冠新材,电力设备
688561.SH,奇安信-U,计算机
688562.SH,航天软件,计算机
688563.SH,航材股份,国防军工
688565.SH,力源科技,环保
688566.SH,吉贝尔,医药生物
688567.SH,孚能科技,电力设备
688568.SH,中科星图,计算机
688569.SH,铁科轨道,机械设备
688570.SH,天玛智控,机械设备
688571.SH,杭华股份,基础化工
688573.SH,信宇人,电力设备
688575.SH,亚辉龙,医药生物
688576.SH,西山科技,医药生物
688577.SH,浙海德曼,机械设备
688578.SH,艾力斯,医药生物
688579.SH,地纬智能,计算机
688580.SH,伟思医疗,医药生物
688581.SH,安杰思,医药生物
688582.SH,芯动联科,电子
688583.SH,思看科技,机械设备
688584.SH,上海合晶,电子
688585.SH,上纬新材,基础化工
688586.SH,江航装备,国防军工
688588.SH,凌志软件,计算机
688589.SH,力合微,电子
688590.SH,新致软件,计算机
688591.SH,泰凌微,电子
688592.SH,司南导航,通信
688593.SH,新相微,电子
688595.SH,芯海科技,电子
688596.SH,正帆科技,机械设备
688597.SH,煜邦电力,电力设备
688598.SH,金博股份,基础化工
688599.SH,天合光能,电力设备
688600.SH,皖仪科技,机械设备
688601.SH,力芯微,电子
688602.SH,康鹏科技,基础化工
688603.SH,天承科技,电子
688605.SH,先锋精科,电子
688606.SH,奥泰生物,医药生物
688607.SH,康众科技,医药生物
688608.SH,恒玄科技,电子
688609.SH,九联科技,家用电器
688610.SH,埃科光电,机械设备
688611.SH,杭州柯林,电力设备
688612.SH,威迈斯,汽车
688613.SH,奥精医疗,医药生物
688615.SH,合合信息,计算机
688616.SH,西力科技,电力设备
688617.SH,惠泰医疗,医药生物
688618.SH,三旺通信,通信
688619.SH,罗普特,计算机
688620.SH,安凯微,电子
688621.SH,阳光诺和,医药生物
688622.SH,*ST禾信,机械设备
688623.SH,双元科技,机械设备
688625.SH,呈和科技,基础化工
688626.SH,翔宇医疗,医药生物
688627.SH,精智达,机械设备
688628.SH,优利德,机械设备
688629.SH,华丰科技,国防军工
688630.SH,芯碁微装,机械设备
688631.SH,莱斯信息,计算机
688633.SH,星球石墨,机械设备
688635.SH,长进光子,通信
688636.SH,智明达,国防军工
688638.SH,誉辰智能,电力设备
688639.SH,华恒生物,基础化工
688646.SH,逸飞激光,机械设备
688648.SH,中邮科技,机械设备
688651.SH,盛邦安全,计算机
688652.SH,京仪装备,电子
688653.SH,康希通信,电子
688655.SH,迅捷兴,电子
688656.SH,浩欧博,医药生物
688657.SH,浩辰软件,计算机
688658.SH,悦康药业,医药生物
688659.SH,元琛科技,基础化工
688660.SH,电气风电,电力设备
688661.SH,和林微纳,电子
688662.SH,富信科技,电子
688663.SH,新风光,电力设备
688665.SH,四方光电,机械设备
688667.SH,菱电电控,汽车
688668.SH,鼎通科技,通信
688669.SH,聚石化学,基础化工
688670.SH,金迪克,医药生物
688671.SH,碧兴物联,环保
688676.SH,金盘科技,电力设备
688677.SH,海泰新光,医药生物
688678.SH,福立旺,电子
688679.SH,通源环境,环保
688680.SH,海优新材,电力设备
688681.SH,科汇股份,电力设备
688682.SH,霍莱沃,国防军工
688683.SH,莱尔科技,电子
688685.SH,迈信林,国防军工
688686.SH,奥普特,机械设备
688687.SH,凯因科技,医药生物
688689.SH,银河微电,电子
688690.SH,纳微科技,医药生物
688691.SH,灿芯股份,电子
688692.SH,达梦数据,计算机
688693.SH,锴威特,电子
688695.SH,中创股份,计算机
688696.SH,极米科技,家用电器
688697.SH,纽威数控,机械设备
688698.SH,伟创电气,机械设备
688699.SH,明微电子,电子
688700.SH,东威科技,机械设备
688701.SH,卓锦股份,环保
688702.SH,盛科通信-U,电子
688707.SH,振华新材,电力设备
688708.SH,佳驰科技,国防军工
688709.SH,成都华微,电子
688710.SH,益诺思,医药生物
688711.SH,宏微科技,电子
688712.SH,北芯生命,医药生物
688716.SH,中研股份,基础化工
688717.SH,艾罗能源,电力设备
688718.SH,唯赛勃,基础化工
688719.SH,爱科赛博,电力设备
688720.SH,艾森股份,电子
688721.SH,龙图光罩,电子
688722.SH,同益中,基础化工
688726.SH,拉普拉斯,电力设备
688727.SH,恒坤新材,电子
688728.SH,格科微,电子
688729.SH,屹唐股份,电子
688733.SH,壹石通,电力设备
688737.SH,中自科技,汽车
688739.SH,成大生物,医药生物
688750.SH,金天钛业,有色金属
688755.SH,汉邦科技,医药生物
688757.SH,胜科纳米,社会服务
688758.SH,赛分科技,医药生物
688759.SH,必贝特-U,医药生物
688765.SH,禾元生物-U,医药生物
688766.SH,普冉股份,电子
688767.SH,博拓生物,医药生物
688768.SH,容知日新,机械设备
688772.SH,珠海冠宇,电力设备
688775.SH,影石创新,电子
688776.SH,国光电气,国防军工
688777.SH,中控技术,机械设备
688778.SH,厦钨新能,电力设备
688779.SH,五矿新能,电力设备
688781.SH,视涯科技-UW,电子
688783.SH,西安奕材-U,电子
688785.SH,恒运昌,电子
688786.SH,悦安新材,有色金属
688787.SH,海天瑞声,计算机
688788.SH,科思科技,国防军工
688789.SH,宏华数科,机械设备
688790.SH,昂瑞微-UW,电子
688793.SH,倍轻松,家用电器
688795.SH,摩尔线程-U,电子
688796.SH,百奥赛图,医药生物
688797.SH,臻宝科技,电子
688798.SH,艾为电子,电子
688799.SH,华纳药厂,医药生物
688800.SH,瑞可达,电子
688802.SH,沐曦股份-U,电子
688805.SH,健信超导,医药生物
688806.SH,泰诺麦博-U,医药生物
688807.SH,优迅股份,电子
688808.SH,联讯仪器,机械设备
688809.SH,强一股份,电子
688811.SH,有研复材,有色金属
688813.SH,泰金新能,机械设备
688816.SH,易思维,机械设备
688818.SH,电科蓝天,国防军工
688819.SH,天能股份,电力设备
688820.SH,盛合晶微,电子
688825.SH,长鑫科技,电子
688826.SH,频准激光,机械设备
688828.SH,国仪公司-U,机械设备
688835.SH,高凯技术,机械设备
688836.SH,宇树科技-W,机械设备
688981.SH,中芯国际,电子
689009.SH,九号公司-WD,汽车
